Nr;Login datum;Login tijd;Loguit datum;Loguit tijd;Type contract;Homeoffice_check;Opmerking;;;;;;
1;29/11/2017;12:41;29/11/2017;16:46;Interim;FALSE;;;;;;;
2;30/11/2017;08:24;30/11/2017;16:20;Interim;FALSE;;;;;;;
3;01/12/2017;08:13;01/12/2017;16:01;Interim;FALSE;;;;;;;
4;04/12/2017;07:56;04/12/2017;15:31;Interim;FALSE;;;;;;;
5;05/12/2017;07:59;05/12/2017;15:40;Interim;FALSE;;;;;;;
6;06/12/2017;08:06;06/12/2017;15:48;Interim;FALSE;;;;;;;
7;07/12/2017;07:54;07/12/2017;16:08;Interim;FALSE;;;;;;;
8;08/12/2017;08:20;08/12/2017;15:19;Interim;FALSE;;;;;;;
9;08/12/2017;15:21;08/12/2017;16:05;Interim;FALSE;;;;;;;
10;11/12/2017;08:00;11/12/2017;11:00;Interim;FALSE;Gevallen van Fiets(10 dagen afwezig);;;;;;
11;21/12/2017;08:10;21/12/2017;15:42;Interim;FALSE;;;;;;;
12;22/12/2017;08:12;22/12/2017;16:20;Interim;FALSE;;;;;;;
13;26/12/2017;07:49;26/12/2017;15:34;Interim;FALSE;;;;;;;
14;27/12/2017;07:59;27/12/2017;15:55;Interim;FALSE;;;;;;;
15;28/12/2017;07:51;28/12/2017;15:29;Interim;FALSE;;;;;;;
16;29/12/2017;08:01;29/12/2017;15:33;Interim;FALSE;;;;;;;
17;02/01/2018;07:52;02/01/2018;15:24;Interim;FALSE;;;;;;;
18;03/01/2018;07:55;03/01/2018;15:25;Interim;FALSE;;;;;;;
19;04/01/2018;07:58;04/01/2018;15:25;Interim;FALSE;;;;;;;
20;05/01/2018;08:05;05/01/2018;15:33;Interim;FALSE;;;;;;;
21;08/01/2018;08:03;08/01/2018;15:35;Interim;FALSE;;;;;;;
22;09/01/2018;08:32;09/01/2018;16:07;Interim;FALSE;;;;;;;
23;10/01/2018;08:08;10/01/2018;13:21;Interim;FALSE;;;;;;;
24;10/01/2018;15:11;10/01/2018;18:05;Interim;FALSE;;;;;;;
25;11/01/2018;08:08;11/01/2018;15:30;Interim;FALSE;;;;;;;
26;12/01/2018;08:07;12/01/2018;15:32;Interim;FALSE;;;;;;;
27;15/01/2018;08:26;15/01/2018;16:00;Interim;FALSE;;;;;;;
28;16/01/2018;12:36;16/01/2018;18:04;Interim;FALSE;;;;;;;
29;17/01/2018;08:12;17/01/2018;18:24;Interim;FALSE;;;;;;;
30;18/01/2018;08:10;18/01/2018;15:36;Interim;FALSE;;;;;;;
31;19/01/2018;08:43;19/01/2018;16:06;Interim;FALSE;;;;;;;
32;22/01/2018;07:53;22/01/2018;12:03;Interim;FALSE;;;;;;;
33;23/01/2018;08:00;23/01/2018;17:35;Interim;FALSE;;;;;;;
34;24/01/2018;07:54;24/01/2018;18:18;Interim;FALSE;;;;;;;
35;25/01/2018;07:54;25/01/2018;18:03;Interim;FALSE;;;;;;;
36;26/01/2018;08:15;26/01/2018;15:46;Interim;FALSE;;;;;;;
37;29/01/2018;08:03;29/01/2018;15:27;Interim;FALSE;;;;;;;
38;30/01/2018;08:24;30/01/2018;15:52;Interim;FALSE;;;;;;;
39;31/01/2018;08:11;31/01/2018;15:38;Interim;FALSE;;;;;;;
40;01/02/2018;08:04;01/02/2018;15:40;Interim;FALSE;;;;;;;
41;02/02/2018;08:16;02/02/2018;18:45;Interim;FALSE;;;;;;;
42;05/02/2018;10:15;05/02/2018;17:16;Interim;FALSE;;;;;;;
43;06/02/2018;07:49;06/02/2018;15:35;Interim;FALSE;;;;;;;
44;07/02/2018;09:22;07/02/2018;17:30;Interim;FALSE;;;;;;;
45;08/02/2018;07:47;08/02/2018;16:23;Interim;FALSE;;;;;;;
46;09/02/2018;08:07;09/02/2018;15:31;Interim;FALSE;;;;;;;
47;12/02/2018;08:13;12/02/2018;15:40;Interim;FALSE;;;;;;;
48;13/02/2018;07:53;13/02/2018;16:03;Interim;FALSE;;;;;;;
49;14/02/2018;07:46;14/02/2018;15:20;Interim;FALSE;;;;;;;
50;15/02/2018;08:11;15/02/2018;15:56;Interim;FALSE;;;;;;;
51;16/02/2018;08:06;16/02/2018;15:46;Interim;FALSE;;;;;;;
52;19/02/2018;07:56;19/02/2018;15:31;Interim;FALSE;;;;;;;
53;20/02/2018;07:58;20/02/2018;15:28;Interim;FALSE;;;;;;;
54;21/02/2018;08:02;21/02/2018;15:51;Interim;FALSE;;;;;;;
55;22/02/2018;08:02;22/02/2018;15:31;Interim;FALSE;;;;;;;
56;23/02/2018;08:26;23/02/2018;15:38;Interim;FALSE;;;;;;;
57;26/02/2018;08:41;26/02/2018;16:27;Interim;FALSE;;;;;;;
58;27/02/2018;08:05;27/02/2018;15:35;Interim;FALSE;;;;;;;
59;28/02/2018;08:01;28/02/2018;15:35;Interim;FALSE;;;;;;;
60;01/03/2018;08:02;01/03/2018;15:36;Interim;FALSE;;;;;;;
61;02/03/2018;08:16;02/03/2018;17:19;Interim;FALSE;;;;;;;
62;05/03/2018;08:18;05/03/2018;15:45;Interim;FALSE;;;;;;;
63;06/03/2018;08:31;06/03/2018;15:26;Interim;FALSE;;;;;;;
64;06/03/2018;18:29;06/03/2018;19:34;Interim;FALSE;;;;;;;
65;07/03/2018;07:57;07/03/2018;16:56;Interim;FALSE;;;;;;;
66;08/03/2018;07:58;08/03/2018;15:26;Interim;FALSE;;;;;;;
67;09/03/2018;08:09;09/03/2018;15:34;Interim;FALSE;;;;;;;
68;12/03/2018;08:14;12/03/2018;15:43;Interim;FALSE;;;;;;;
69;13/03/2018;08:47;13/03/2018;16:41;Interim;FALSE;;;;;;;
70;14/03/2018;08:10;14/03/2018;15:41;Interim;FALSE;;;;;;;
71;15/03/2018;08:04;15/03/2018;15:27;Interim;FALSE;;;;;;;
72;16/03/2018;08:13;16/03/2018;15:43;Interim;FALSE;;;;;;;
73;19/03/2018;07:53;19/03/2018;15:20;Interim;FALSE;;;;;;;
74;20/03/2018;09:15;20/03/2018;16:50;Interim;FALSE;;;;;;;
75;21/03/2018;08:09;21/03/2018;15:51;Interim;FALSE;;;;;;;
76;22/03/2018;08:51;22/03/2018;16:19;Interim;FALSE;;;;;;;
77;23/03/2018;08:27;23/03/2018;15:43;Interim;FALSE;;;;;;;
78;26/03/2018;08:10;26/03/2018;15:42;Interim;FALSE;;;;;;;
79;27/03/2018;08:13;27/03/2018;17:47;Interim;FALSE;;;;;;;
80;28/03/2018;08:09;28/03/2018;15:44;Interim;FALSE;;;;;;;
81;29/03/2018;08:22;29/03/2018;15:40;Interim;FALSE;;;;;;;
82;30/03/2018;08:04;30/03/2018;15:41;Interim;FALSE;;;;;;;
83;03/04/2018;07:51;03/04/2018;15:27;Interim;FALSE;;;;;;;
84;04/04/2018;08:11;04/04/2018;15:43;Interim;FALSE;;;;;;;
85;05/04/2018;08:15;05/04/2018;15:42;Interim;FALSE;;;;;;;
86;06/04/2018;08:12;06/04/2018;15:58;Interim;FALSE;;;;;;;
87;09/04/2018;08:05;09/04/2018;15:45;Interim;FALSE;;;;;;;
88;10/04/2018;08:03;10/04/2018;15:30;Interim;FALSE;;;;;;;
89;11/04/2018;08:13;11/04/2018;15:51;Interim;FALSE;;;;;;;
90;12/04/2018;08:13;12/04/2018;16:03;Interim;FALSE;;;;;;;
91;13/04/2018;08:11;13/04/2018;15:46;Interim;FALSE;;;;;;;
92;16/04/2018;08:19;16/04/2018;16:47;Interim;FALSE;;;;;;;
93;17/04/2018;08:13;17/04/2018;15:22;Interim;FALSE;;;;;;;
94;17/04/2018;17:39;17/04/2018;18:55;Interim;FALSE;;;;;;;
95;18/04/2018;08:11;18/04/2018;15:29;Interim;FALSE;;;;;;;
96;19/04/2018;08:02;19/04/2018;15:36;Interim;FALSE;;;;;;;
97;20/04/2018;08:03;20/04/2018;15:42;Interim;FALSE;;;;;;;
98;23/04/2018;08:16;23/04/2018;15:47;Interim;FALSE;;;;;;;
99;24/04/2018;08:22;24/04/2018;17:09;Interim;FALSE;;;;;;;
100;25/04/2018;08:04;25/04/2018;15:35;Interim;FALSE;;;;;;;
101;26/04/2018;08:08;26/04/2018;15:40;Interim;FALSE;;;;;;;
102;27/04/2018;08:13;27/04/2018;15:43;Interim;FALSE;;;;;;;
103;30/04/2018;08:19;30/04/2018;16:11;Interim;FALSE;;;;;;;
104;02/05/2018;07:49;02/05/2018;15:44;Interim;FALSE;;;;;;;
105;03/05/2018;08:03;03/05/2018;15:33;Interim;FALSE;;;;;;;
106;04/05/2018;08:02;04/05/2018;15:33;Interim;FALSE;;;;;;;
107;07/05/2018;08:00;07/05/2018;15:34;Interim;FALSE;;;;;;;
108;08/05/2018;08:03;08/05/2018;15:57;Interim;FALSE;;;;;;;
109;09/05/2018;08:07;09/05/2018;15:41;Interim;FALSE;;;;;;;
110;11/05/2018;08:08;11/05/2018;15:37;Interim;FALSE;;;;;;;
111;14/05/2018;08:17;14/05/2018;15:55;Interim;FALSE;;;;;;;
112;15/05/2018;08:00;15/05/2018;15:55;Interim;FALSE;;;;;;;
113;16/05/2018;08:05;16/05/2018;15:35;Interim;FALSE;;;;;;;
114;17/05/2018;08:13;17/05/2018;16:11;Interim;FALSE;;;;;;;
115;18/05/2018;08:12;18/05/2018;15:41;Interim;FALSE;;;;;;;
116;22/05/2018;08:05;22/05/2018;16:04;Interim;FALSE;;;;;;;
117;23/05/2018;08:49;23/05/2018;15:34;Interim;FALSE;;;;;;;
118;24/05/2018;08:11;24/05/2018;15:50;Interim;FALSE;;;;;;;
119;25/05/2018;08:31;25/05/2018;16:02;Interim;FALSE;;;;;;;
120;28/05/2018;08:06;28/05/2018;15:36;Interim;FALSE;;;;;;;
121;29/05/2018;07:56;29/05/2018;15:27;Interim;FALSE;;;;;;;
122;30/05/2018;08:05;30/05/2018;16:07;Interim;FALSE;;;;;;;
123;31/05/2018;08:06;31/05/2018;15:38;Interim;FALSE;;;;;;;
124;01/06/2018;08:10;01/06/2018;15:44;Interim;FALSE;;;;;;;
125;04/06/2018;08:20;04/06/2018;16:03;Interim;FALSE;;;;;;;
126;05/06/2018;08:07;05/06/2018;15:46;Interim;FALSE;;;;;;;
127;06/06/2018;08:00;06/06/2018;16:26;Interim;FALSE;;;;;;;
128;07/06/2018;10:42;07/06/2018;17:56;Interim;FALSE;;;;;;;
129;08/06/2018;08:30;08/06/2018;16:42;Interim;FALSE;;;;;;;
130;11/06/2018;08:03;11/06/2018;17:04;Interim;FALSE;;;;;;;
131;12/06/2018;12:19;12/06/2018;20:48;Interim;FALSE;;;;;;;
132;13/06/2018;08:19;13/06/2018;15:51;Interim;FALSE;;;;;;;
133;14/06/2018;08:18;14/06/2018;17:15;Interim;FALSE;;;;;;;
134;15/06/2018;08:16;15/06/2018;15:48;Interim;FALSE;;;;;;;
135;18/06/2018;08:28;18/06/2018;16:00;vast contract;FALSE;;;;;;;
136;19/06/2018;08:05;19/06/2018;15:41;vast contract;FALSE;;;;;;;
137;20/06/2018;08:07;20/06/2018;16:09;vast contract;FALSE;;;;;;;
138;21/06/2018;08:24;21/06/2018;16:01;vast contract;FALSE;;;;;;;
139;22/06/2018;08:02;22/06/2018;15:38;vast contract;FALSE;;;;;;;
140;25/06/2018;08:04;25/06/2018;15:36;vast contract;FALSE;;;;;;;
141;26/06/2018;08:03;26/06/2018;15:34;vast contract;FALSE;;;;;;;
142;27/06/2018;08:12;27/06/2018;15:43;vast contract;FALSE;;;;;;;
143;28/06/2018;08:14;28/06/2018;15:54;vast contract;FALSE;;;;;;;
144;29/06/2018;08:10;29/06/2018;15:46;vast contract;FALSE;;;;;;;
145;02/07/2018;08:02;02/07/2018;15:45;vast contract;FALSE;;;;;;;
146;03/07/2018;08:11;03/07/2018;15:44;vast contract;FALSE;;;;;;;
147;04/07/2018;07:56;04/07/2018;15:31;vast contract;FALSE;;;;;;;
148;05/07/2018;08:08;05/07/2018;15:41;vast contract;FALSE;;;;;;;
149;06/07/2018;08:01;06/07/2018;15:37;vast contract;FALSE;;;;;;;
150;09/07/2018;07:54;09/07/2018;15:27;vast contract;FALSE;;;;;;;
151;10/07/2018;08:08;10/07/2018;15:39;vast contract;FALSE;;;;;;;
152;11/07/2018;08:06;11/07/2018;15:38;vast contract;FALSE;;;;;;;
153;12/07/2018;08:08;12/07/2018;15:39;vast contract;FALSE;;;;;;;
154;13/07/2018;08:27;13/07/2018;15:59;vast contract;FALSE;;;;;;;
155;16/07/2018;08:00;16/07/2018;15:36;vast contract;FALSE;;;;;;;
156;17/07/2018;07:57;17/07/2018;15:34;vast contract;FALSE;;;;;;;
157;18/07/2018;07:57;18/07/2018;15:28;vast contract;FALSE;;;;;;;
158;19/07/2018;07:57;19/07/2018;15:28;vast contract;FALSE;;;;;;;
159;20/07/2018;08:16;20/07/2018;15:58;vast contract;FALSE;;;;;;;
160;23/07/2018;08:03;23/07/2018;15:40;vast contract;FALSE;;;;;;;
161;24/07/2018;07:53;24/07/2018;15:27;vast contract;FALSE;;;;;;;
162;25/07/2018;08:11;25/07/2018;15:47;vast contract;FALSE;;;;;;;
163;26/07/2018;08:08;26/07/2018;15:50;vast contract;FALSE;;;;;;;
164;27/07/2018;08:04;27/07/2018;15:50;vast contract;FALSE;;;;;;;
165;30/07/2018;08:06;30/07/2018;15:38;vast contract;FALSE;;;;;;;
166;31/07/2018;08:02;31/07/2018;15:48;vast contract;FALSE;;;;;;;
167;01/08/2018;08:04;01/08/2018;15:38;vast contract;FALSE;;;;;;;
168;02/08/2018;08:00;02/08/2018;15:32;vast contract;FALSE;;;;;;;
169;03/08/2018;08:03;03/08/2018;15:34;vast contract;FALSE;;;;;;;
170;06/08/2018;07:53;06/08/2018;15:25;vast contract;FALSE;;;;;;;
171;07/08/2018;08:03;07/08/2018;15:35;vast contract;FALSE;;;;;;;
172;08/08/2018;08:04;08/08/2018;15:47;vast contract;FALSE;;;;;;;
173;09/08/2018;08:11;09/08/2018;15:46;vast contract;FALSE;;;;;;;
174;10/08/2018;08:05;10/08/2018;15:39;vast contract;FALSE;;;;;;;
175;13/08/2018;08:06;13/08/2018;15:38;vast contract;FALSE;;;;;;;
176;14/08/2018;08:02;14/08/2018;15:35;vast contract;FALSE;;;;;;;
177;16/08/2018;08:07;16/08/2018;15:39;vast contract;FALSE;;;;;;;
178;17/08/2018;08:15;17/08/2018;15:48;vast contract;FALSE;;;;;;;
179;20/08/2018;07:54;20/08/2018;12:57;vast contract;FALSE;;;;;;;
180;21/08/2018;08:11;21/08/2018;18:00;vast contract;FALSE;;;;;;;
181;22/08/2018;08:00;22/08/2018;15:58;vast contract;FALSE;;;;;;;
182;23/08/2018;08:00;23/08/2018;17:32;vast contract;FALSE;;;;;;;
183;24/08/2018;08:03;24/08/2018;16:10;vast contract;FALSE;;;;;;;
184;27/08/2018;08:15;27/08/2018;17:40;vast contract;FALSE;;;;;;;
185;28/08/2018;07:53;28/08/2018;17:37;vast contract;FALSE;;;;;;;
186;29/08/2018;08:01;29/08/2018;16:47;vast contract;FALSE;;;;;;;
187;30/08/2018;08:00;30/08/2018;17:55;vast contract;FALSE;;;;;;;
188;31/08/2018;08:02;31/08/2018;16:25;vast contract;FALSE;;;;;;;
189;03/09/2018;08:12;03/09/2018;09:18;vast contract;FALSE;;;;;;;
190;03/09/2018;12:54;03/09/2018;17:43;vast contract;FALSE;;;;;;;
191;04/09/2018;08:11;04/09/2018;17:47;vast contract;FALSE;;;;;;;
192;05/09/2018;08:05;05/09/2018;16:02;vast contract;FALSE;;;;;;;
193;06/09/2018;08:09;06/09/2018;16:25;vast contract;FALSE;;;;;;;
194;07/09/2018;08:04;07/09/2018;15:56;vast contract;FALSE;;;;;;;
195;10/09/2018;07:58;10/09/2018;15:53;vast contract;FALSE;;;;;;;
196;11/09/2018;08:05;11/09/2018;15:43;vast contract;FALSE;;;;;;;
197;12/09/2018;08:14;12/09/2018;15:53;vast contract;FALSE;;;;;;;
198;13/09/2018;07:57;13/09/2018;16:05;vast contract;FALSE;;;;;;;
199;14/09/2018;07:59;14/09/2018;15:59;vast contract;FALSE;;;;;;;
200;17/09/2018;08:17;17/09/2018;15:05;vast contract;FALSE;;;;;;;
201;18/09/2018;08:07;18/09/2018;17:19;vast contract;FALSE;;;;;;;
202;19/09/2018;08:20;19/09/2018;15:55;vast contract;FALSE;;;;;;;
203;20/09/2018;08:02;20/09/2018;16:20;vast contract;FALSE;;;;;;;
204;21/09/2018;08:39;21/09/2018;16:14;vast contract;FALSE;;;;;;;
205;24/09/2018;08:13;24/09/2018;15:46;vast contract;FALSE;;;;;;;
206;25/09/2018;08:04;25/09/2018;16:43;vast contract;FALSE;;;;;;;
207;26/09/2018;07:58;26/09/2018;16:03;vast contract;FALSE;;;;;;;
208;27/09/2018;08:22;27/09/2018;17:25;vast contract;FALSE;;;;;;;
209;28/09/2018;08:12;28/09/2018;15:44;vast contract;FALSE;;;;;;;
210;01/10/2018;08:26;01/10/2018;14:02;vast contract;FALSE;;;;;;;
211;02/10/2018;08:36;02/10/2018;16:16;vast contract;FALSE;;;;;;;
212;03/10/2018;08:02;03/10/2018;17:54;vast contract;FALSE;;;;;;;
213;04/10/2018;08:03;04/10/2018;17:25;vast contract;FALSE;;;;;;;
214;05/10/2018;08:08;05/10/2018;15:39;vast contract;FALSE;;;;;;;
215;08/10/2018;08:10;08/10/2018;15:44;vast contract;FALSE;;;;;;;
216;09/10/2018;08:08;09/10/2018;15:46;vast contract;FALSE;;;;;;;
217;10/10/2018;08:03;10/10/2018;15:47;vast contract;FALSE;;;;;;;
218;11/10/2018;08:27;11/10/2018;17:12;vast contract;FALSE;;;;;;;
219;12/10/2018;08:14;12/10/2018;16:06;vast contract;FALSE;;;;;;;
220;15/10/2018;08:21;15/10/2018;14:31;vast contract;FALSE;;;;;;;
221;16/10/2018;08:05;16/10/2018;17:04;vast contract;FALSE;;;;;;;
222;17/10/2018;08:14;17/10/2018;16:06;vast contract;FALSE;;;;;;;
223;18/10/2018;08:13;18/10/2018;16:12;vast contract;FALSE;;;;;;;
224;19/10/2018;08:16;19/10/2018;15:55;vast contract;FALSE;;;;;;;
225;22/10/2018;07:52;22/10/2018;15:35;vast contract;FALSE;;;;;;;
226;23/10/2018;08:01;23/10/2018;15:38;vast contract;FALSE;;;;;;;
227;24/10/2018;08:06;24/10/2018;17:47;vast contract;FALSE;;;;;;;
228;25/10/2018;08:13;25/10/2018;15:49;vast contract;FALSE;;;;;;;
229;26/10/2018;08:06;26/10/2018;16:40;vast contract;FALSE;;;;;;;
230;29/10/2018;08:10;29/10/2018;14:30;vast contract;FALSE;;;;;;;
231;30/10/2018;08:08;30/10/2018;17:47;vast contract;FALSE;;;;;;;
232;31/10/2018;08:02;31/10/2018;16:03;vast contract;FALSE;;;;;;;
233;02/11/2018;08:02;02/11/2018;15:51;vast contract;FALSE;;;;;;;
234;05/11/2018;07:58;05/11/2018;15:44;vast contract;FALSE;;;;;;;
235;06/11/2018;08:04;06/11/2018;15:37;vast contract;FALSE;;;;;;;
236;07/11/2018;08:05;07/11/2018;15:54;vast contract;FALSE;;;;;;;
237;08/11/2018;08:16;08/11/2018;15:52;vast contract;FALSE;;;;;;;
238;09/11/2018;08:07;09/11/2018;15:37;vast contract;FALSE;;;;;;;
239;12/11/2018;08:08;12/11/2018;12:03;vast contract;FALSE;;;;;;;
240;13/11/2018;08:10;13/11/2018;17:45;vast contract;FALSE;;;;;;;
241;14/11/2018;08:12;14/11/2018;16:51;vast contract;FALSE;;;;;;;
242;15/11/2018;08:07;15/11/2018;15:53;vast contract;FALSE;;;;;;;
243;16/11/2018;08:22;16/11/2018;16:07;vast contract;FALSE;;;;;;;
244;19/11/2018;08:11;19/11/2018;15:51;vast contract;FALSE;;;;;;;
245;20/11/2018;08:09;20/11/2018;15:42;vast contract;FALSE;;;;;;;
246;21/11/2018;08:16;21/11/2018;17:12;vast contract;FALSE;;;;;;;
247;22/11/2018;08:13;22/11/2018;16:18;vast contract;FALSE;;;;;;;
248;23/11/2018;08:04;23/11/2018;16:05;vast contract;FALSE;;;;;;;
249;26/11/2018;08:07;26/11/2018;14:27;vast contract;FALSE;;;;;;;
250;26/11/2018;17:01;26/11/2018;18:39;vast contract;FALSE;;;;;;;
251;27/11/2018;08:07;27/11/2018;16:02;vast contract;FALSE;;;;;;;
252;28/11/2018;08:07;28/11/2018;15:43;vast contract;FALSE;;;;;;;
253;29/11/2018;08:13;29/11/2018;17:45;vast contract;FALSE;;;;;;;
254;29/11/2018;19:16;29/11/2018;20:52;vast contract;FALSE;;;;;;;
255;30/11/2018;08:05;30/11/2018;16:05;vast contract;FALSE;;;;;;;
256;03/12/2018;08:12;03/12/2018;17:36;vast contract;FALSE;;;;;;;
257;04/12/2018;08:07;04/12/2018;15:39;vast contract;FALSE;;;;;;;
258;05/12/2018;08:10;05/12/2018;15:46;vast contract;FALSE;;;;;;;
259;06/12/2018;08:17;06/12/2018;17:39;vast contract;FALSE;;;;;;;
260;07/12/2018;08:20;07/12/2018;16:04;vast contract;FALSE;;;;;;;
261;10/12/2018;08:18;10/12/2018;14:45;vast contract;FALSE;;;;;;;
262;11/12/2018;08:11;11/12/2018;17:23;vast contract;FALSE;;;;;;;
263;12/12/2018;08:05;12/12/2018;15:59;vast contract;FALSE;;;;;;;
264;13/12/2018;08:07;13/12/2018;15:52;vast contract;FALSE;;;;;;;
265;14/12/2018;08:19;14/12/2018;15:30;vast contract;FALSE;;;;;;;
266;17/12/2018;08:22;17/12/2018;17:40;vast contract;FALSE;;;;;;;
267;18/12/2018;08:04;18/12/2018;17:14;vast contract;FALSE;;;;;;;
268;19/12/2018;07:59;19/12/2018;16:05;vast contract;FALSE;;;;;;;
269;20/12/2018;08:08;20/12/2018;17:39;vast contract;FALSE;;;;;;;
270;21/12/2018;08:16;21/12/2018;15:30;vast contract;FALSE;;;;;;;
271;24/12/2018;08:13;24/12/2018;18:07;vast contract;FALSE;;;;;;;
272;26/12/2018;08:08;26/12/2018;17:42;vast contract;FALSE;;;;;;;
273;27/12/2018;08:08;27/12/2018;17:48;vast contract;FALSE;;;;;;;
274;28/12/2018;08:12;28/12/2018;16:19;vast contract;FALSE;;;;;;;
275;31/12/2018;08:03;31/12/2018;16:51;vast contract;FALSE;;;;;;;
276;02/01/2019;08:05;02/01/2019;17:31;vast contract;FALSE;;;;;;;
277;03/01/2019;08:14;03/01/2019;18:10;vast contract;FALSE;;;;;;;
278;04/01/2019;07:54;04/01/2019;17:01;vast contract;FALSE;;;;;;;
279;07/01/2019;08:13;07/01/2019;15:17;vast contract;FALSE;;;;;;;
280;08/01/2019;08:21;08/01/2019;16:40;vast contract;FALSE;;;;;;;
281;09/01/2019;07:58;09/01/2019;15:57;vast contract;FALSE;;;;;;;
282;10/01/2019;08:11;10/01/2019;16:22;vast contract;FALSE;;;;;;;
283;11/01/2019;08:15;11/01/2019;15:59;vast contract;FALSE;;;;;;;
284;14/01/2019;08:23;14/01/2019;16:16;vast contract;FALSE;;;;;;;
285;15/01/2019;08:12;15/01/2019;16:19;vast contract;FALSE;;;;;;;
286;16/01/2019;08:10;16/01/2019;16:13;vast contract;FALSE;;;;;;;
287;17/01/2019;08:13;17/01/2019;17:53;vast contract;FALSE;;;;;;;
288;18/01/2019;08:05;18/01/2019;17:16;vast contract;FALSE;;;;;;;
289;21/01/2019;08:34;21/01/2019;15:00;vast contract;FALSE;;;;;;;
290;21/01/2019;17:58;21/01/2019;20:20;vast contract;FALSE;;;;;;;
291;22/01/2019;08:17;22/01/2019;16:32;vast contract;FALSE;;;;;;;
292;23/01/2019;08:20;23/01/2019;17:26;vast contract;FALSE;;;;;;;
293;24/01/2019;08:21;24/01/2019;16:53;vast contract;FALSE;;;;;;;
294;25/01/2019;08:12;25/01/2019;17:27;vast contract;FALSE;;;;;;;
295;28/01/2019;08:28;28/01/2019;17:06;vast contract;FALSE;;;;;;;
296;29/01/2019;08:09;29/01/2019;17:31;vast contract;FALSE;;;;;;;
297;30/01/2019;08:10;30/01/2019;18:06;vast contract;FALSE;;;;;;;
298;31/01/2019;08:14;31/01/2019;17:05;vast contract;FALSE;;;;;;;
299;01/02/2019;08:35;01/02/2019;17:55;vast contract;FALSE;;;;;;;
300;04/02/2019;08:20;04/02/2019;14:43;vast contract;FALSE;;;;;;;
301;05/02/2019;08:39;05/02/2019;17:37;vast contract;FALSE;;;;;;;
302;05/02/2019;17:39;05/02/2019;17:41;vast contract;FALSE;;;;;;;
303;06/02/2019;08:10;06/02/2019;16:47;vast contract;FALSE;;;;;;;
304;07/02/2019;08:12;07/02/2019;16:55;vast contract;FALSE;;;;;;;
305;08/02/2019;07:51;08/02/2019;16:38;vast contract;FALSE;;;;;;;
306;11/02/2019;08:00;11/02/2019;15:35;vast contract;FALSE;;;;;;;
307;12/02/2019;08:05;12/02/2019;16:12;vast contract;FALSE;;;;;;;
308;13/02/2019;08:03;13/02/2019;17:06;vast contract;FALSE;;;;;;;
309;14/02/2019;08:00;14/02/2019;17:24;vast contract;FALSE;;;;;;;
310;15/02/2019;08:05;15/02/2019;16:31;vast contract;FALSE;;;;;;;
311;18/02/2019;08:13;18/02/2019;14:44;vast contract;FALSE;;;;;;;
312;19/02/2019;08:02;19/02/2019;17:49;vast contract;FALSE;;;;;;;
313;20/02/2019;07:59;20/02/2019;17:53;vast contract;FALSE;;;;;;;
314;21/02/2019;07:58;21/02/2019;17:33;vast contract;FALSE;;;;;;;
315;22/02/2019;08:12;22/02/2019;17:46;vast contract;FALSE;;;;;;;
316;25/02/2019;08:02;25/02/2019;17:11;vast contract;FALSE;;;;;;;
317;26/02/2019;08:03;26/02/2019;17:23;vast contract;FALSE;;;;;;;
318;27/02/2019;08:05;27/02/2019;17:55;vast contract;FALSE;;;;;;;
319;28/02/2019;07:54;28/02/2019;17:30;vast contract;FALSE;;;;;;;
320;28/02/2019;17:33;28/02/2019;18:29;vast contract;FALSE;;;;;;;
321;01/03/2019;08:05;01/03/2019;15:44;vast contract;FALSE;;;;;;;
322;04/03/2019;08:10;04/03/2019;14:41;vast contract;FALSE;;;;;;;
323;05/03/2019;08:07;05/03/2019;17:55;vast contract;FALSE;;;;;;;
324;06/03/2019;08:02;06/03/2019;17:41;vast contract;FALSE;;;;;;;
325;07/03/2019;07:58;07/03/2019;15:20;vast contract;FALSE;;;;;;;
326;07/03/2019;15:22;07/03/2019;17:48;vast contract;FALSE;;;;;;;
327;08/03/2019;08:05;08/03/2019;08:47;vast contract;FALSE;;;;;;;
328;08/03/2019;08:49;08/03/2019;17:11;vast contract;FALSE;;;;;;;
329;11/03/2019;08:20;11/03/2019;17:27;vast contract;FALSE;;;;;;;
330;12/03/2019;08:19;12/03/2019;18:06;vast contract;FALSE;;;;;;;
331;13/03/2019;08:08;13/03/2019;18:15;vast contract;FALSE;;;;;;;
332;14/03/2019;08:15;14/03/2019;17:48;vast contract;FALSE;;;;;;;
333;15/03/2019;08:13;15/03/2019;17:52;vast contract;FALSE;;;;;;;
334;18/03/2019;08:08;18/03/2019;14:56;vast contract;FALSE;;;;;;;
335;19/03/2019;08:04;19/03/2019;12:28;vast contract;FALSE;;;;;;;
336;19/03/2019;12:30;19/03/2019;17:52;vast contract;FALSE;;;;;;;
337;20/03/2019;07:50;20/03/2019;17:59;vast contract;FALSE;;;;;;;
338;21/03/2019;08:08;21/03/2019;17:19;vast contract;FALSE;;;;;;;
339;22/03/2019;08:04;22/03/2019;17:02;vast contract;FALSE;;;;;;;
340;25/03/2019;07:56;25/03/2019;16:49;vast contract;FALSE;;;;;;;
341;26/03/2019;08:06;26/03/2019;16:41;vast contract;FALSE;;;;;;;
342;27/03/2019;08:07;27/03/2019;17:25;vast contract;FALSE;;;;;;;
343;28/03/2019;08:04;28/03/2019;15:37;vast contract;FALSE;;;;;;;
344;29/03/2019;08:01;29/03/2019;17:32;vast contract;FALSE;;;;;;;
345;01/04/2019;08:06;01/04/2019;14:44;vast contract;FALSE;;;;;;;
346;02/04/2019;07:58;02/04/2019;18:16;vast contract;FALSE;;;;;;;
347;03/04/2019;08:16;03/04/2019;17:55;vast contract;FALSE;;;;;;;
348;04/04/2019;07:53;04/04/2019;17:12;vast contract;FALSE;;;;;;;
349;05/04/2019;08:04;05/04/2019;16:25;vast contract;FALSE;;;;;;;
350;08/04/2019;07:57;08/04/2019;16:34;vast contract;FALSE;;;;;;;
351;09/04/2019;08:05;09/04/2019;16:23;vast contract;FALSE;;;;;;;
352;10/04/2019;08:07;10/04/2019;16:29;vast contract;FALSE;;;;;;;
353;11/04/2019;07:59;11/04/2019;17:08;vast contract;FALSE;;;;;;;
354;12/04/2019;08:12;12/04/2019;14:10;vast contract;FALSE;;;;;;;
355;15/04/2019;07:53;15/04/2019;16:58;vast contract;FALSE;;;;;;;
356;16/04/2019;08:01;16/04/2019;13:59;vast contract;FALSE;Vroeger naar huis wegens verkoudheid(3dagen afwezig);;;;;;
357;23/04/2019;08:27;23/04/2019;17:46;vast contract;FALSE;;;;;;;
358;24/04/2019;08:09;24/04/2019;16:38;vast contract;FALSE;;;;;;;
359;25/04/2019;08:06;25/04/2019;15:47;vast contract;FALSE;;;;;;;
360;26/04/2019;08:05;26/04/2019;17:13;vast contract;FALSE;;;;;;;
361;29/04/2019;08:15;29/04/2019;14:42;vast contract;FALSE;;;;;;;
362;30/04/2019;08:02;30/04/2019;17:25;vast contract;FALSE;;;;;;;
363;02/05/2019;07:58;02/05/2019;17:31;vast contract;FALSE;;;;;;;
364;03/05/2019;08:09;03/05/2019;17:54;vast contract;FALSE;;;;;;;
365;06/05/2019;08:00;06/05/2019;17:33;vast contract;FALSE;;;;;;;
366;07/05/2019;08:01;07/05/2019;17:18;vast contract;FALSE;;;;;;;
367;08/05/2019;08:04;08/05/2019;16:51;vast contract;FALSE;;;;;;;
368;09/05/2019;07:56;09/05/2019;17:08;vast contract;FALSE;;;;;;;
369;10/05/2019;08:09;10/05/2019;16:32;vast contract;FALSE;;;;;;;
370;13/05/2019;08:19;13/05/2019;14:46;vast contract;FALSE;;;;;;;
371;14/05/2019;07:59;14/05/2019;17:37;vast contract;FALSE;;;;;;;
372;15/05/2019;08:09;15/05/2019;17:34;vast contract;FALSE;;;;;;;
373;16/05/2019;08:05;16/05/2019;17:41;vast contract;FALSE;;;;;;;
374;17/05/2019;08:11;17/05/2019;16:44;vast contract;FALSE;;;;;;;
375;20/05/2019;08:06;20/05/2019;17:58;vast contract;FALSE;;;;;;;
376;21/05/2019;08:10;21/05/2019;17:17;vast contract;FALSE;;;;;;;
377;22/05/2019;08:09;22/05/2019;17:52;vast contract;FALSE;;;;;;;
378;23/05/2019;08:04;23/05/2019;16:38;vast contract;FALSE;;;;;;;
379;24/05/2019;07:56;24/05/2019;17:47;vast contract;FALSE;;;;;;;
380;27/05/2019;08:08;27/05/2019;16:11;vast contract;FALSE;;;;;;;
381;28/05/2019;08:08;28/05/2019;16:30;vast contract;FALSE;;;;;;;
382;29/05/2019;08:02;29/05/2019;17:04;vast contract;FALSE;;;;;;;
383;31/05/2019;08:05;31/05/2019;17:38;vast contract;FALSE;;;;;;;
384;03/06/2019;08:07;03/06/2019;16:41;vast contract;FALSE;;;;;;;
385;04/06/2019;08:10;04/06/2019;17:22;vast contract;FALSE;;;;;;;
386;05/06/2019;08:15;05/06/2019;17:46;vast contract;FALSE;;;;;;;
387;06/06/2019;07:57;06/06/2019;17:32;vast contract;FALSE;;;;;;;
388;07/06/2019;07:59;07/06/2019;16:47;vast contract;FALSE;;;;;;;
389;11/06/2019;07:55;11/06/2019;18:30;vast contract;FALSE;;;;;;;
390;12/06/2019;08:02;12/06/2019;16:22;vast contract;FALSE;;;;;;;
391;13/06/2019;07:50;13/06/2019;16:39;vast contract;FALSE;;;;;;;
392;14/06/2019;07:59;14/06/2019;17:39;vast contract;FALSE;;;;;;;
393;17/06/2019;07:58;17/06/2019;17:17;vast contract;FALSE;;;;;;;
394;18/06/2019;07:55;18/06/2019;16:14;vast contract;FALSE;;;;;;;
395;19/06/2019;08:03;19/06/2019;15:35;vast contract;FALSE;;;;;;;
396;20/06/2019;08:03;20/06/2019;17:27;vast contract;FALSE;;;;;;;
397;21/06/2019;08:07;21/06/2019;17:43;vast contract;FALSE;;;;;;;
398;24/06/2019;08:11;24/06/2019;17:50;vast contract;FALSE;;;;;;;
399;25/06/2019;08:04;25/06/2019;16:04;vast contract;FALSE;;;;;;;
400;26/06/2019;08:02;26/06/2019;17:17;vast contract;FALSE;;;;;;;
401;27/06/2019;08:04;27/06/2019;18:00;vast contract;FALSE;;;;;;;
402;28/06/2019;07:51;28/06/2019;17:45;vast contract;FALSE;;;;;;;
403;01/07/2019;08:10;01/07/2019;14:47;vast contract;FALSE;;;;;;;
404;02/07/2019;08:08;02/07/2019;17:48;vast contract;FALSE;;;;;;;
405;03/07/2019;08:06;03/07/2019;17:23;vast contract;FALSE;;;;;;;
406;04/07/2019;08:05;04/07/2019;17:37;vast contract;FALSE;;;;;;;
407;05/07/2019;07:59;05/07/2019;17:42;vast contract;FALSE;;;;;;;
408;08/07/2019;08:07;08/07/2019;17:51;vast contract;FALSE;;;;;;;
409;09/07/2019;08:09;09/07/2019;16:57;vast contract;FALSE;;;;;;;
410;10/07/2019;08:01;10/07/2019;16:03;vast contract;FALSE;;;;;;;
411;11/07/2019;08:03;11/07/2019;16:11;vast contract;FALSE;;;;;;;
412;12/07/2019;08:05;12/07/2019;16:46;vast contract;FALSE;;;;;;;
413;15/07/2019;08:07;15/07/2019;17:11;vast contract;FALSE;;;;;;;
414;16/07/2019;08:03;16/07/2019;16:26;vast contract;FALSE;;;;;;;
415;17/07/2019;08:00;17/07/2019;17:53;vast contract;FALSE;;;;;;;
416;18/07/2019;08:06;18/07/2019;17:13;vast contract;FALSE;;;;;;;
417;19/07/2019;08:02;19/07/2019;16:36;vast contract;FALSE;;;;;;;
418;22/07/2019;08:09;22/07/2019;16:09;vast contract;FALSE;;;;;;;
419;23/07/2019;07:58;23/07/2019;17:42;vast contract;FALSE;;;;;;;
420;24/07/2019;08:08;24/07/2019;17:32;vast contract;FALSE;;;;;;;
421;25/07/2019;08:09;25/07/2019;17:21;vast contract;FALSE;;;;;;;
422;26/07/2019;08:04;26/07/2019;09:31;vast contract;FALSE;;;;;;;
423;26/07/2019;12:36;26/07/2019;17:12;vast contract;FALSE;;;;;;;
424;29/07/2019;08:12;29/07/2019;14:48;vast contract;FALSE;;;;;;;
425;30/07/2019;08:00;30/07/2019;17:22;vast contract;FALSE;;;;;;;
426;31/07/2019;08:15;31/07/2019;17:16;vast contract;FALSE;;;;;;;
427;01/08/2019;08:09;01/08/2019;16:34;vast contract;FALSE;;;;;;;
428;02/08/2019;08:07;02/08/2019;16:40;vast contract;FALSE;;;;;;;
429;05/08/2019;07:54;05/08/2019;17:05;vast contract;FALSE;;;;;;;
430;06/08/2019;08:01;06/08/2019;17:38;vast contract;FALSE;;;;;;;
431;07/08/2019;07:52;07/08/2019;17:42;vast contract;FALSE;;;;;;;
432;08/08/2019;07:51;08/08/2019;17:48;vast contract;FALSE;;;;;;;
433;09/08/2019;08:06;09/08/2019;16:52;vast contract;FALSE;;;;;;;
434;12/08/2019;08:17;12/08/2019;13:48;vast contract;FALSE;;;;;;;
435;13/08/2019;08:17;13/08/2019;17:36;vast contract;FALSE;;;;;;;
436;14/08/2019;07:54;14/08/2019;17:46;vast contract;FALSE;;;;;;;
437;16/08/2019;07:55;16/08/2019;17:58;vast contract;FALSE;;;;;;;
438;19/08/2019;07:51;19/08/2019;17:26;vast contract;FALSE;;;;;;;
439;20/08/2019;08:01;20/08/2019;14:49;vast contract;FALSE;;;;;;;
440;21/08/2019;08:04;21/08/2019;17:14;vast contract;FALSE;;;;;;;
441;22/08/2019;07:56;22/08/2019;18:03;vast contract;FALSE;;;;;;;
442;23/08/2019;07:58;23/08/2019;18:06;vast contract;FALSE;;;;;;;
443;26/08/2019;08:14;26/08/2019;17:17;vast contract;FALSE;;;;;;;
444;27/08/2019;08:04;27/08/2019;17:38;vast contract;FALSE;;;;;;;
445;28/08/2019;08:03;28/08/2019;17:17;vast contract;FALSE;;;;;;;
446;29/08/2019;08:00;29/08/2019;17:51;vast contract;FALSE;;;;;;;
447;30/08/2019;07:58;30/08/2019;16:55;vast contract;FALSE;;;;;;;
448;02/09/2019;08:01;02/09/2019;17:30;vast contract;FALSE;;;;;;;
449;03/09/2019;07:59;03/09/2019;12:11;vast contract;FALSE;;;;;;;
450;03/09/2019;12:31;03/09/2019;17:36;vast contract;FALSE;;;;;;;
451;04/09/2019;08:09;04/09/2019;17:24;vast contract;FALSE;;;;;;;
452;05/09/2019;08:01;05/09/2019;16:05;vast contract;FALSE;;;;;;;
453;06/09/2019;07:53;06/09/2019;17:37;vast contract;FALSE;;;;;;;
454;09/09/2019;08:21;09/09/2019;13:31;vast contract;FALSE;;;;;;;
455;10/09/2019;08:12;10/09/2019;17:09;vast contract;FALSE;;;;;;;
456;11/09/2019;08:30;11/09/2019;17:24;vast contract;FALSE;;;;;;;
457;12/09/2019;08:14;12/09/2019;19:04;vast contract;FALSE;;;;;;;
458;13/09/2019;08:27;13/09/2019;16:29;vast contract;FALSE;;;;;;;
459;16/09/2019;08:10;16/09/2019;17:10;vast contract;FALSE;;;;;;;
460;17/09/2019;08:14;17/09/2019;16:52;vast contract;FALSE;;;;;;;
461;18/09/2019;08:08;18/09/2019;17:22;vast contract;FALSE;;;;;;;
462;19/09/2026;09:17;19/09/2026;16:32;vast contract;FALSE;Naar Akenkantoor gegaan;;;;;;
463;23/09/2019;08:07;23/09/2019;17:48;vast contract;FALSE;;;;;;;
464;24/09/2019;08:07;24/09/2019;17:02;vast contract;FALSE;;;;;;;
465;27/09/2019;08:03;27/09/2019;17:48;vast contract;FALSE;;;;;;;
466;30/09/2019;07:56;30/09/2019;17:05;vast contract;FALSE;;;;;;;
467;01/10/2019;08:23;01/10/2019;17:52;vast contract;FALSE;;;;;;;
468;02/10/2019;08:06;02/10/2019;15:46;vast contract;FALSE;;;;;;;
469;07/10/2019;09:00;09/10/2019;16:30;vast contract;FALSE;;;;;;;
470;08/10/2019;09:00;08/10/2019;16:30;vast contract;FALSE;;;;;;;
471;09/10/2019;08:05;09/10/2019;16:44;vast contract;FALSE;;;;;;;
472;14/10/2019;08:08;14/10/2019;12:34;vast contract;FALSE;;;;;;;
473;15/10/2019;07:59;15/10/2019;18:03;vast contract;FALSE;;;;;;;
474;16/10/2019;07:57;16/10/2019;17:42;vast contract;FALSE;;;;;;;
475;21/10/2019;08:20;21/10/2019;17:39;vast contract;FALSE;;;;;;;
476;22/10/2019;08:06;22/10/2019;17:31;vast contract;FALSE;;;;;;;
477;23/10/2019;07:57;23/10/2019;17:36;vast contract;FALSE;;;;;;;
478;28/10/2019;08:09;28/10/2019;16:03;vast contract;FALSE;;;;;;;
479;29/10/2019;08:09;29/10/2019;17:14;vast contract;FALSE;;;;;;;
480;30/10/2019;08:11;30/10/2019;18:51;vast contract;FALSE;;;;;;;
481;31/10/2019;07:59;31/10/2019;17:31;vast contract;FALSE;;;;;;;
482;04/11/2019;08:08;04/11/2019;17:52;vast contract;FALSE;;;;;;;
483;05/11/2019;07:54;05/11/2019;17:57;vast contract;FALSE;;;;;;;
484;06/11/2019;08:01;06/11/2019;18:02;vast contract;FALSE;;;;;;;
485;07/11/2019;08:03;07/11/2019;18:17;vast contract;FALSE;;;;;;;
486;08/11/2019;08:08;08/11/2019;18:09;vast contract;FALSE;;;;;;;
487;12/11/2019;08:30;12/11/2019;13:38;vast contract;FALSE;;;;;;;
488;13/11/2019;08:17;13/11/2019;19:00;vast contract;FALSE;;;;;;;
489;18/11/2019;07:59;18/11/2019;16:47;vast contract;FALSE;;;;;;;
490;19/11/2019;07:59;19/11/2019;17:17;vast contract;FALSE;;;;;;;
491;20/11/2019;08:03;20/11/2019;17:01;vast contract;FALSE;;;;;;;
492;25/11/2019;08:07;25/11/2019;16:22;vast contract;FALSE;;;;;;;
493;26/11/2019;07:59;26/11/2019;16:29;vast contract;FALSE;;;;;;;
494;27/11/2019;08:05;27/11/2019;16:33;vast contract;FALSE;;;;;;;
495;28/11/2019;08:05;28/11/2019;15:11;vast contract;FALSE;;;;;;;
496;29/11/2019;07:55;29/11/2019;17:14;vast contract;FALSE;;;;;;;
497;02/12/2019;07:58;02/12/2019;17:38;vast contract;FALSE;;;;;;;
498;03/12/2019;08:37;03/12/2019;17:30;vast contract;FALSE;;;;;;;
499;04/12/2019;08:24;04/12/2019;17:01;vast contract;FALSE;;;;;;;
500;09/12/2019;08:00;09/12/2019;17:38;vast contract;FALSE;;;;;;;
501;10/12/2019;08:30;10/12/2019;13:16;vast contract;FALSE;;;;;;;
502;11/12/2019;08:01;11/12/2019;18:01;vast contract;FALSE;;;;;;;
503;12/12/2019;08:02;12/12/2019;17:20;vast contract;FALSE;;;;;;;
504;16/12/2019;07:57;16/12/2019;16:24;vast contract;FALSE;;;;;;;
505;17/12/2019;07:56;17/12/2019;17:00;vast contract;FALSE;;;;;;;
506;18/12/2019;07:54;18/12/2019;17:09;vast contract;FALSE;;;;;;;
507;23/12/2019;08:02;23/12/2019;17:23;vast contract;FALSE;;;;;;;
508;30/12/2019;08:02;30/12/2019;17:09;vast contract;FALSE;;;;;;;
509;02/01/2020;08:09;02/01/2020;17:07;vast contract;FALSE;;;;;;;
510;03/01/2020;08:11;03/01/2020;17:30;vast contract;FALSE;;;;;;;
511;06/01/2020;08:06;06/01/2020;17:54;vast contract;FALSE;;;;;;;
512;07/01/2020;08:36;07/01/2020;13:17;vast contract;FALSE;;;;;;;
513;08/01/2020;08:15;08/01/2020;17:03;vast contract;FALSE;;;;;;;
514;09/01/2020;08:14;09/01/2020;11:32;vast contract;FALSE;;;;;;;
515;13/01/2020;08:08;13/01/2020;17:48;vast contract;FALSE;;;;;;;
516;14/01/2020;08:00;14/01/2020;17:34;vast contract;FALSE;;;;;;;
517;15/01/2020;08:16;15/01/2020;17:41;vast contract;FALSE;;;;;;;
518;16/01/2020;08:12;16/01/2020;17:44;vast contract;FALSE;;;;;;;
519;17/01/2020;08:09;17/01/2020;16:39;vast contract;FALSE;;;;;;;
520;20/01/2020;08:18;20/01/2020;16:24;vast contract;FALSE;;;;;;;
521;21/01/2020;08:09;21/01/2020;16:46;vast contract;FALSE;;;;;;;
522;22/01/2020;08:12;22/01/2020;15:57;vast contract;FALSE;;;;;;;
523;23/01/2020;08:16;23/01/2020;16:45;vast contract;FALSE;;;;;;;
524;24/01/2020;08:04;24/01/2020;17:42;vast contract;FALSE;;;;;;;
525;27/01/2020;07:53;27/01/2020;16:06;vast contract;FALSE;;;;;;;
526;28/01/2020;08:13;28/01/2020;17:43;vast contract;FALSE;;;;;;;
527;29/01/2020;08:00;29/01/2020;16:28;vast contract;FALSE;;;;;;;
528;30/01/2020;08:07;30/01/2020;17:25;vast contract;FALSE;;;;;;;
529;31/01/2020;08:08;31/01/2020;16:16;vast contract;FALSE;;;;;;;
530;03/02/2020;07:59;03/02/2020;16:56;vast contract;FALSE;;;;;;;
531;04/02/2020;08:20;04/02/2020;13:50;vast contract;FALSE;;;;;;;
532;05/02/2020;08:06;05/02/2020;17:08;vast contract;FALSE;;;;;;;
533;06/02/2020;08:08;06/02/2020;17:32;vast contract;FALSE;;;;;;;
534;07/02/2020;08:10;07/02/2020;17:34;vast contract;FALSE;;;;;;;
535;10/02/2020;08:07;10/02/2020;17:13;vast contract;FALSE;;;;;;;
536;11/02/2020;08:01;11/02/2020;16:53;vast contract;FALSE;;;;;;;
537;12/02/2020;08:05;12/02/2020;17:16;vast contract;FALSE;;;;;;;
538;13/02/2020;08:34;13/02/2020;16:30;vast contract;FALSE;;;;;;;
539;14/02/2020;08:02;14/02/2020;17:50;vast contract;FALSE;;;;;;;
540;17/02/2020;08:07;17/02/2020;17:03;vast contract;FALSE;;;;;;;
541;18/02/2020;08:02;18/02/2020;17:10;vast contract;FALSE;;;;;;;
542;19/02/2020;08:06;19/02/2020;17:30;vast contract;FALSE;;;;;;;
543;20/02/2020;08:07;20/02/2020;17:00;vast contract;FALSE;;;;;;;
544;21/02/2020;08:39;21/02/2020;16:08;vast contract;FALSE;;;;;;;
545;24/02/2020;08:18;24/02/2020;16:53;vast contract;FALSE;;;;;;;
546;25/02/2020;07:58;25/02/2020;15:12;vast contract;FALSE;;;;;;;
547;26/02/2020;08:09;26/02/2020;17:12;vast contract;FALSE;;;;;;;
548;27/02/2020;08:08;27/02/2020;16:39;vast contract;FALSE;;;;;;;
549;28/02/2020;09:54;28/02/2020;21:21;vast contract;FALSE;Gevallen van fiets;;;;;;
550;02/03/2020;08:05;02/03/2020;18:14;vast contract;FALSE;;;;;;;
551;03/03/2020;08:12;03/03/2020;17:42;vast contract;FALSE;;;;;;;
552;04/03/2020;07:55;04/03/2020;17:48;vast contract;FALSE;;;;;;;
553;05/03/2020;08:06;05/03/2020;17:17;vast contract;FALSE;;;;;;;
554;06/03/2020;11:39;06/03/2020;16:44;vast contract;FALSE;;;;;;;
555;09/03/2020;08:00;09/03/2020;17:56;vast contract;FALSE;;;;;;;
556;10/03/2020;08:28;10/03/2020;17:49;vast contract;FALSE;;;;;;;
557;11/03/2020;08:23;11/03/2020;17:30;vast contract;FALSE;;;;;;;
558;12/03/2020;07:59;12/03/2020;17:25;vast contract;FALSE;;;;;;;
559;13/03/2020;07:59;13/03/2020;16:54;vast contract;FALSE;;;;;;;
560;16/03/2020;08:06;16/03/2020;16:40;vast contract;FALSE;;;;;;;
561;17/03/2020;09:05;17/03/2020;18:09;vast contract;TRUE;;;;;;;
562;18/03/2020;08:01;18/03/2020;16:10;vast contract;FALSE;;;;;;;
563;19/03/2020;08:22;19/03/2020;16:55;vast contract;TRUE;;;;;;;
564;20/03/2020;08:09;20/03/2020;16:14;vast contract;TRUE;;;;;;;
565;23/03/2020;07:37;23/03/2020;15:58;vast contract;TRUE;;;;;;;
566;24/03/2020;07:54;24/03/2020;16:59;vast contract;TRUE;;;;;;;
567;25/03/2020;07:50;25/03/2020;16:13;vast contract;TRUE;;;;;;;
568;26/03/2020;08:14;26/03/2020;17:42;vast contract;TRUE;;;;;;;
569;27/03/2020;07:36;27/03/2020;16:42;vast contract;TRUE;;;;;;;
570;30/03/2020;08:07;30/03/2020;12:39;vast contract;TRUE;;;;;;;
571;30/03/2020;13:36;30/03/2020;16:41;vast contract;TRUE;;;;;;;
572;31/03/2020;07:53;31/03/2020;17:06;vast contract;TRUE;;;;;;;
573;01/04/2020;07:38;01/04/2020;16:31;vast contract;TRUE;;;;;;;
574;02/04/2020;07:50;02/04/2020;17:16;vast contract;TRUE;;;;;;;
575;03/04/2020;08:08;03/04/2020;16:43;vast contract;TRUE;;;;;;;
576;06/04/2020;07:18;06/04/2020;15:51;vast contract;TRUE;;;;;;;
577;07/04/2020;07:24;07/04/2020;15:35;vast contract;TRUE;;;;;;;
578;08/04/2020;07:43;08/04/2020;17:09;vast contract;TRUE;;;;;;;
579;09/04/2020;08:00;09/04/2020;17:37;vast contract;TRUE;;;;;;;
580;10/04/2020;07:46;10/04/2020;16:44;vast contract;TRUE;;;;;;;
581;14/04/2020;07:48;14/04/2020;17:14;vast contract;TRUE;;;;;;;
582;15/04/2020;07:44;15/04/2020;17:47;vast contract;TRUE;;;;;;;
583;16/04/2020;08:07;16/04/2020;16:10;vast contract;TRUE;;;;;;;
584;17/04/2020;08:02;17/04/2020;16:13;vast contract;TRUE;;;;;;;
585;20/04/2020;07:57;20/04/2020;16:45;vast contract;TRUE;;;;;;;
586;21/04/2020;07:47;21/04/2020;16:48;vast contract;TRUE;;;;;;;
587;22/04/2020;07:40;22/04/2020;16:59;vast contract;TRUE;;;;;;;
588;23/04/2020;07:43;23/04/2020;17:49;vast contract;TRUE;;;;;;;
589;24/04/2020;07:43;24/04/2020;16:56;vast contract;TRUE;;;;;;;
590;27/04/2020;07:42;27/04/2020;17:02;vast contract;TRUE;;;;;;;
591;28/04/2020;07:30;28/04/2020;13:27;vast contract;TRUE;;;;;;;
592;28/04/2020;14:13;28/04/2020;15:27;vast contract;TRUE;;;;;;;
593;28/04/2020;16:09;28/04/2020;17:13;vast contract;TRUE;;;;;;;
594;29/04/2020;07:32;29/04/2020;17:13;vast contract;TRUE;;;;;;;
595;30/04/2020;07:35;30/04/2020;17:59;vast contract;TRUE;;;;;;;
596;04/05/2020;07:52;04/05/2020;17:07;vast contract;TRUE;;;;;;;
597;05/05/2020;08:01;05/05/2020;17:22;vast contract;TRUE;;;;;;;
598;06/05/2020;07:59;06/05/2020;17:19;vast contract;TRUE;;;;;;;
599;07/05/2020;07:58;07/05/2020;16:26;vast contract;TRUE;;;;;;;
600;08/05/2020;07:44;08/05/2020;16:19;vast contract;TRUE;;;;;;;
601;11/05/2020;07:36;11/05/2020;17:37;vast contract;TRUE;;;;;;;
602;12/05/2020;07:54;12/05/2020;16:15;vast contract;TRUE;;;;;;;
603;13/05/2020;08:01;13/05/2020;17:50;vast contract;TRUE;;;;;;;
604;14/05/2020;07:54;14/05/2020;16:43;vast contract;TRUE;;;;;;;
605;15/05/2020;07:38;15/05/2020;16:52;vast contract;TRUE;;;;;;;
606;18/05/2020;07:42;18/05/2020;17:01;vast contract;TRUE;;;;;;;
607;19/05/2020;07:49;19/05/2020;16:05;vast contract;TRUE;;;;;;;
608;20/05/2020;07:37;20/05/2020;16:48;vast contract;TRUE;;;;;;;
609;22/05/2020;07:45;22/05/2020;16:34;vast contract;TRUE;;;;;;;
610;25/05/2020;07:17;25/05/2020;16:23;vast contract;TRUE;;;;;;;
611;26/05/2020;07:56;26/05/2020;16:17;vast contract;TRUE;;;;;;;
612;27/05/2020;07:45;27/05/2020;16:41;vast contract;TRUE;;;;;;;
613;28/05/2020;07:57;28/05/2020;16:10;vast contract;TRUE;;;;;;;
614;29/05/2020;07:46;29/05/2020;17:14;vast contract;TRUE;;;;;;;
615;02/06/2020;07:47;02/06/2020;16:39;vast contract;TRUE;;;;;;;
616;03/06/2020;07:17;03/06/2020;16:26;vast contract;TRUE;;;;;;;
617;04/06/2020;07:39;04/06/2020;16:22;vast contract;TRUE;;;;;;;
618;05/06/2020;08:28;05/06/2020;17:26;vast contract;TRUE;;;;;;;
619;08/06/2020;07:52;08/06/2020;16:04;vast contract;TRUE;;;;;;;
620;09/06/2020;07:54;09/06/2020;16:26;vast contract;TRUE;;;;;;;
621;10/06/2020;07:47;10/06/2020;16:44;vast contract;TRUE;;;;;;;
622;11/06/2020;07:50;11/06/2020;17:25;vast contract;TRUE;;;;;;;
623;12/06/2020;08:01;12/06/2020;17:09;vast contract;TRUE;;;;;;;
624;15/06/2020;08:07;15/06/2020;16:59;vast contract;FALSE;;;;;;;
625;16/06/2020;08:05;16/06/2020;16:09;vast contract;FALSE;;;;;;;
626;17/06/2020;08:14;17/06/2020;15:57;vast contract;FALSE;;;;;;;
627;18/06/2020;08:10;18/06/2020;17:29;vast contract;TRUE;;;;;;;
628;22/06/2020;08:09;22/06/2020;16:32;vast contract;FALSE;;;;;;;
629;23/06/2020;07:59;23/06/2020;16:08;vast contract;FALSE;;;;;;;
630;24/06/2020;08:01;24/06/2020;16:44;vast contract;FALSE;;;;;;;
631;25/06/2020;07:58;25/06/2020;16:22;vast contract;TRUE;;;;;;;
632;26/06/2020;07:56;26/06/2020;16:45;vast contract;TRUE;;;;;;;
633;29/06/2020;08:06;29/06/2020;16:36;vast contract;FALSE;;;;;;;
634;30/06/2020;07:58;30/06/2020;16:21;vast contract;FALSE;;;;;;;
635;01/07/2020;08:29;01/07/2020;16:45;vast contract;FALSE;;;;;;;
636;02/07/2020;07:57;02/07/2020;16:35;vast contract;TRUE;;;;;;;
637;03/07/2020;07:41;03/07/2020;17:12;vast contract;FALSE;;;;;;;
638;06/07/2020;08:06;06/07/2020;17:12;vast contract;FALSE;;;;;;;
639;07/07/2020;08:03;07/07/2020;16:10;vast contract;FALSE;;;;;;;
640;08/07/2020;08:22;08/07/2020;16:17;vast contract;FALSE;;;;;;;
641;09/07/2020;08:08;09/07/2020;16:52;vast contract;TRUE;;;;;;;
642;10/07/2020;08:00;10/07/2020;16:25;vast contract;TRUE;;;;;;;
643;13/07/2020;08:02;13/07/2020;16:13;vast contract;FALSE;;;;;;;
644;14/07/2020;08:05;14/07/2020;16:06;vast contract;FALSE;;;;;;;
645;15/07/2020;08:06;15/07/2020;17:09;vast contract;FALSE;;;;;;;
646;16/07/2020;08:19;16/07/2020;16:43;vast contract;FALSE;;;;;;;
647;17/07/2020;08:02;17/07/2020;16:50;vast contract;FALSE;;;;;;;
648;20/07/2020;08:09;20/07/2020;17:14;vast contract;FALSE;;;;;;;
649;22/07/2020;08:00;22/07/2020;16:53;vast contract;FALSE;;;;;;;
650;23/07/2020;07:39;23/07/2020;16:34;vast contract;TRUE;;;;;;;
651;24/07/2020;07:48;24/07/2020;17:01;vast contract;TRUE;;;;;;;
652;27/07/2020;08:14;27/07/2020;16:50;vast contract;FALSE;;;;;;;
653;28/07/2020;08:03;28/07/2020;17:32;vast contract;FALSE;;;;;;;
654;29/07/2020;07:41;29/07/2020;19:15;vast contract;TRUE;;;;;;;
655;30/07/2020;07:42;30/07/2020;16:41;vast contract;TRUE;;;;;;;
656;31/07/2020;07:47;31/07/2020;16:31;vast contract;TRUE;;;;;;;
657;03/08/2020;07:41;03/08/2020;16:13;vast contract;TRUE;;;;;;;
658;04/08/2020;07:46;04/08/2020;16:32;vast contract;TRUE;;;;;;;
659;05/08/2020;07:34;05/08/2020;16:45;vast contract;TRUE;;;;;;;
660;06/08/2020;07:45;06/08/2020;17:33;vast contract;TRUE;;;;;;;
661;07/08/2020;07:45;07/08/2020;17:07;vast contract;TRUE;;;;;;;
662;10/08/2020;07:36;10/08/2020;17:34;vast contract;TRUE;;;;;;;
663;11/08/2020;07:42;11/08/2020;17:20;vast contract;TRUE;;;;;;;
664;12/08/2020;07:41;12/08/2020;17:16;vast contract;TRUE;;;;;;;
665;13/08/2020;08:02;13/08/2020;16:15;vast contract;TRUE;;;;;;;
666;14/08/2020;07:52;14/08/2020;17:38;vast contract;TRUE;;;;;;;
667;17/08/2020;08:05;17/08/2020;18:31;vast contract;TRUE;;;;;;;
668;18/08/2020;07:51;18/08/2020;16:48;vast contract;TRUE;;;;;;;
669;19/08/2020;07:16;19/08/2020;09:23;vast contract;TRUE;;;;;;;
670;19/08/2020;09:54;19/08/2020;19:45;vast contract;TRUE;;;;;;;
671;20/08/2020;07:27;20/08/2020;16:57;vast contract;TRUE;;;;;;;
672;21/08/2020;07:52;21/08/2020;16:33;vast contract;TRUE;;;;;;;
673;24/08/2020;07:19;24/08/2020;16:56;vast contract;TRUE;;;;;;;
674;25/08/2020;07:58;25/08/2020;16:52;vast contract;TRUE;;;;;;;
675;26/08/2020;08:02;26/08/2020;17:17;vast contract;TRUE;;;;;;;
676;27/08/2020;07:58;27/08/2020;16:05;vast contract;TRUE;;;;;;;
677;28/08/2020;08:02;28/08/2020;16:38;vast contract;TRUE;;;;;;;
678;31/08/2020;08:00;31/08/2020;17:15;vast contract;TRUE;;;;;;;
679;01/09/2020;07:44;01/09/2020;18:23;vast contract;TRUE;;;;;;;
680;02/09/2020;07:33;02/09/2020;17:55;vast contract;TRUE;;;;;;;
681;03/09/2020;08:09;03/09/2020;20:43;vast contract;TRUE;;;;;;;
682;04/09/2020;08:04;04/09/2020;21:56;vast contract;TRUE;;;;;;;
683;07/09/2020;07:39;07/09/2020;17:07;vast contract;TRUE;;;;;;;
684;08/09/2020;08:02;08/09/2020;16:44;vast contract;TRUE;;;;;;;
685;09/09/2020;07:15;09/09/2020;08:19;vast contract;TRUE;;;;;;;
686;09/09/2020;10:20;09/09/2020;17:40;vast contract;TRUE;;;;;;;
687;10/09/2020;07:48;10/09/2020;17:11;vast contract;TRUE;;;;;;;
688;11/09/2020;07:58;11/09/2020;17:18;vast contract;TRUE;;;;;;;
689;14/09/2020;07:46;14/09/2020;17:59;vast contract;TRUE;;;;;;;
690;15/09/2020;07:45;15/09/2020;20:09;vast contract;TRUE;;;;;;;
691;16/09/2020;07:42;16/09/2020;16:41;vast contract;TRUE;;;;;;;
692;17/09/2020;07:46;17/09/2020;21:20;vast contract;TRUE;;;;;;;
693;18/09/2020;08:00;18/09/2020;17:20;vast contract;TRUE;;;;;;;
694;21/09/2020;08:02;21/09/2020;16:56;vast contract;TRUE;;;;;;;
695;22/09/2020;07:40;22/09/2020;20:53;vast contract;TRUE;;;;;;;
696;23/09/2020;07:41;23/09/2020;16:33;vast contract;TRUE;;;;;;;
697;24/09/2020;07:32;24/09/2020;17:16;vast contract;TRUE;;;;;;;
698;25/09/2020;07:36;25/09/2020;17:40;vast contract;TRUE;;;;;;;
699;28/09/2020;07:52;28/09/2020;17:22;vast contract;TRUE;;;;;;;
700;29/09/2020;08:02;29/09/2020;20:11;vast contract;TRUE;;;;;;;
701;30/09/2020;07:59;30/09/2020;17:52;vast contract;TRUE;;;;;;;
702;01/10/2020;08:06;01/10/2020;16:59;vast contract;TRUE;;;;;;;
703;02/10/2020;08:01;02/10/2020;16:22;vast contract;TRUE;;;;;;;
704;05/10/2020;07:39;05/10/2020;17:12;vast contract;TRUE;;;;;;;
705;06/10/2020;07:35;06/10/2020;16:30;vast contract;TRUE;;;;;;;
706;07/10/2020;08:02;07/10/2020;16:43;vast contract;TRUE;;;;;;;
707;08/10/2020;07:23;08/10/2020;17:59;vast contract;TRUE;;;;;;;
708;09/10/2020;08:33;09/10/2020;17:16;vast contract;TRUE;;;;;;;
709;12/10/2020;07:19;12/10/2020;17:17;vast contract;TRUE;;;;;;;
710;13/10/2020;07:53;13/10/2020;17:23;vast contract;TRUE;;;;;;;
711;14/10/2020;07:52;14/10/2020;16:59;vast contract;TRUE;;;;;;;
712;15/10/2020;07:58;15/10/2020;17:43;vast contract;TRUE;;;;;;;
713;16/10/2020;08:05;16/10/2020;17:23;vast contract;TRUE;;;;;;;
714;19/10/2020;08:30;19/10/2020;17:08;vast contract;TRUE;;;;;;;
715;20/10/2020;08:26;20/10/2020;18:00;vast contract;TRUE;;;;;;;
716;21/10/2020;07:58;21/10/2020;17:24;vast contract;TRUE;;;;;;;
717;21/10/2020;19:20;21/10/2020;22:26;vast contract;TRUE;;;;;;;
718;22/10/2020;07:59;22/10/2020;17:31;vast contract;TRUE;;;;;;;
719;23/10/2020;08:09;23/10/2020;17:25;vast contract;TRUE;;;;;;;
720;09/11/2020;07:59;09/11/2020;17:14;vast contract;TRUE;;;;;;;
721;10/11/2020;08:02;10/11/2020;17:44;vast contract;TRUE;;;;;;;
722;12/11/2020;08:09;12/11/2020;16:44;vast contract;TRUE;;;;;;;
723;13/11/2020;08:11;13/11/2020;16:29;vast contract;TRUE;;;;;;;
724;16/11/2020;08:04;16/11/2020;17:34;vast contract;TRUE;;;;;;;
725;17/11/2020;07:58;17/11/2020;15:11;vast contract;TRUE;;;;;;;
726;18/11/2020;08:14;18/11/2020;17:36;vast contract;TRUE;;;;;;;
727;19/11/2020;08:00;19/11/2020;17:50;vast contract;TRUE;;;;;;;
728;20/11/2020;08:06;20/11/2020;16:46;vast contract;TRUE;;;;;;;
729;07/12/2020;08:06;07/12/2020;17:31;vast contract;TRUE;;;;;;;
730;08/12/2020;07:53;08/12/2020;15:23;vast contract;TRUE;;;;;;;
731;08/12/2020;18:39;08/12/2020;20:00;vast contract;TRUE;;;;;;;
732;09/12/2020;07:59;09/12/2020;17:31;vast contract;TRUE;;;;;;;
733;11/12/2020;08:01;11/12/2020;17:36;vast contract;TRUE;;;;;;;
734;14/12/2020;07:58;14/12/2020;17:47;vast contract;TRUE;;;;;;;
735;15/12/2020;08:15;15/12/2020;17:31;vast contract;TRUE;;;;;;;
736;15/12/2020;18:09;15/12/2020;19:57;vast contract;TRUE;;;;;;;
737;16/12/2020;07:56;16/12/2020;17:40;vast contract;TRUE;;;;;;;
738;17/12/2020;08:11;17/12/2020;17:16;vast contract;TRUE;;;;;;;
739;17/12/2020;17:53;17/12/2020;20:11;vast contract;TRUE;;;;;;;
740;18/12/2020;08:01;18/12/2020;17:17;vast contract;TRUE;;;;;;;
741;04/01/2021;08:05;04/01/2021;17:42;vast contract;TRUE;;;;;;;
742;05/01/2021;07:45;05/01/2021;17:41;vast contract;TRUE;;;;;;;
743;06/01/2021;07:45;06/01/2021;17:49;vast contract;TRUE;;;;;;;
744;07/01/2021;08:00;07/01/2021;17:08;vast contract;TRUE;;;;;;;
745;08/01/2021;08:30;08/01/2021;17:46;vast contract;TRUE;;;;;;;
746;11/01/2021;07:46;11/01/2021;17:41;vast contract;TRUE;;;;;;;
747;11/01/2021;18:51;11/01/2021;21:02;vast contract;TRUE;;;;;;;
748;12/01/2021;07:46;12/01/2021;17:46;vast contract;TRUE;;;;;;;
749;12/01/2021;18:45;12/01/2021;22:47;vast contract;TRUE;;;;;;;
750;13/01/2021;07:57;13/01/2021;17:10;vast contract;TRUE;;;;;;;
751;14/01/2021;07:51;14/01/2021;16:50;vast contract;TRUE;;;;;;;
752;15/01/2021;08:04;15/01/2021;17:49;vast contract;TRUE;;;;;;;
753;18/01/2021;07:54;18/01/2021;17:00;vast contract;TRUE;;;;;;;
754;19/01/2021;08:12;19/01/2021;17:41;vast contract;TRUE;;;;;;;
755;19/01/2021;18:23;19/01/2021;21:15;vast contract;TRUE;;;;;;;
756;20/01/2021;07:43;20/01/2021;17:49;vast contract;TRUE;;;;;;;
757;20/01/2021;19:45;20/01/2021;20:02;vast contract;TRUE;;;;;;;
758;21/01/2021;08:00;21/01/2021;17:37;vast contract;FALSE;;;;;;;
759;21/01/2021;18:42;21/01/2021;21:38;vast contract;TRUE;;;;;;;
760;22/01/2021;08:23;22/01/2021;17:45;vast contract;TRUE;;;;;;;
761;22/01/2021;19:03;22/01/2021;22:32;vast contract;TRUE;;;;;;;
762;25/01/2021;08:11;25/01/2021;17:44;vast contract;TRUE;;;;;;;
763;26/01/2021;08:03;26/01/2021;17:45;vast contract;TRUE;;;;;;;
764;27/01/2021;07:54;27/01/2021;18:13;vast contract;TRUE;;;;;;;
765;29/01/2021;08:07;29/01/2021;16:56;vast contract;TRUE;;;;;;;
766;01/02/2021;08:02;01/02/2021;12:47;vast contract;TRUE;Halve dag;;;;;;
767;02/02/2021;08:08;02/02/2021;17:46;vast contract;TRUE;;;;;;;
768;03/02/2021;08:10;03/02/2021;17:05;vast contract;TRUE;;;;;;;
769;04/02/2021;08:11;04/02/2021;18:53;vast contract;TRUE;;;;;;;
770;05/02/2021;08:05;05/02/2021;17:12;vast contract;TRUE;;;;;;;
771;05/02/2021;19:02;05/02/2021;20:40;vast contract;TRUE;;;;;;;
772;08/02/2021;07:37;08/02/2021;16:52;vast contract;TRUE;;;;;;;
773;09/02/2021;07:59;09/02/2021;17:32;vast contract;TRUE;;;;;;;
774;10/02/2021;07:46;10/02/2021;16:24;vast contract;TRUE;;;;;;;
775;11/02/2021;08:05;11/02/2021;16:57;vast contract;TRUE;;;;;;;
776;12/02/2021;08:06;12/02/2021;16:51;vast contract;TRUE;;;;;;;
777;15/02/2021;07:57;15/02/2021;16:05;vast contract;TRUE;;;;;;;
778;16/02/2021;08:00;16/02/2021;16:38;vast contract;TRUE;;;;;;;
779;17/02/2021;07:39;17/02/2021;17:03;vast contract;TRUE;;;;;;;
780;18/02/2021;08:06;18/02/2021;15:37;vast contract;TRUE;;;;;;;
781;22/02/2021;07:41;22/02/2021;17:26;vast contract;TRUE;;;;;;;
782;23/02/2021;07:56;23/02/2021;16:16;vast contract;TRUE;;;;;;;
783;24/02/2021;08:04;24/02/2021;16:36;vast contract;TRUE;;;;;;;
784;25/02/2021;07:55;25/02/2021;17:26;vast contract;TRUE;;;;;;;
785;26/02/2021;07:49;26/02/2021;17:19;vast contract;TRUE;;;;;;;
786;28/02/2021;13:35;28/02/2021;19:26;vast contract;TRUE;Weekend;;;;;;
787;01/03/2021;07:41;01/03/2021;17:21;vast contract;TRUE;;;;;;;
788;02/03/2021;07:49;02/03/2021;17:44;vast contract;TRUE;;;;;;;
789;03/03/2021;07:44;03/03/2021;16:48;vast contract;TRUE;;;;;;;
790;04/03/2021;08:04;04/03/2021;17:09;vast contract;TRUE;;;;;;;
791;05/03/2021;08:08;05/03/2021;17:46;vast contract;TRUE;;;;;;;
792;05/03/2021;18:21;05/03/2021;22:07;vast contract;TRUE;;;;;;;
793;08/03/2021;08:11;08/03/2021;17:27;vast contract;TRUE;;;;;;;
794;09/03/2021;07:40;09/03/2021;17:12;vast contract;TRUE;;;;;;;
795;10/03/2021;07:49;10/03/2021;16:42;vast contract;TRUE;;;;;;;
796;11/03/2021;08:05;11/03/2021;17:22;vast contract;TRUE;;;;;;;
797;12/03/2021;08:00;12/03/2021;16:33;vast contract;TRUE;;;;;;;
798;15/03/2021;07:49;15/03/2021;16:25;vast contract;TRUE;;;;;;;
799;16/03/2021;07:51;16/03/2021;16:51;vast contract;TRUE;;;;;;;
800;17/03/2021;07:54;17/03/2021;16:47;vast contract;TRUE;;;;;;;
801;18/03/2021;07:49;18/03/2021;12:27;vast contract;TRUE;Halve dag;;;;;;
802;19/03/2021;08:25;19/03/2021;15:09;vast contract;FALSE;;;;;;;
803;22/03/2021;08:11;22/03/2021;16:28;vast contract;TRUE;;;;;;;
804;23/03/2021;07:55;23/03/2021;17:38;vast contract;TRUE;;;;;;;
805;24/03/2021;07:55;24/03/2021;17:27;vast contract;TRUE;;;;;;;
806;25/03/2021;08:11;25/03/2021;17:18;vast contract;TRUE;;;;;;;
807;26/03/2021;08:03;26/03/2021;16:54;vast contract;TRUE;;;;;;;
808;29/03/2021;08:08;29/03/2021;16:50;vast contract;TRUE;;;;;;;
809;30/03/2021;08:43;30/03/2021;17:03;vast contract;TRUE;;;;;;;
810;31/03/2021;07:47;31/03/2021;17:06;vast contract;TRUE;;;;;;;
811;01/04/2021;07:42;01/04/2021;16:40;vast contract;TRUE;;;;;;;
812;02/04/2021;08:03;02/04/2021;16:33;vast contract;FALSE;;;;;;;
813;06/04/2021;07:59;06/04/2021;17:21;vast contract;TRUE;;;;;;;
814;07/04/2021;07:58;07/04/2021;16:57;vast contract;TRUE;;;;;;;
815;08/04/2021;07:45;08/04/2021;17:10;vast contract;TRUE;;;;;;;
816;09/04/2021;07:40;09/04/2021;16:45;vast contract;TRUE;;;;;;;
817;12/04/2021;08:03;12/04/2021;16:14;vast contract;TRUE;;;;;;;
818;13/04/2021;07:49;13/04/2021;16:23;vast contract;TRUE;;;;;;;
819;14/04/2021;07:46;14/04/2021;16:55;vast contract;TRUE;;;;;;;
820;15/04/2021;08:05;15/04/2021;16:52;vast contract;TRUE;;;;;;;
821;16/04/2021;08:09;16/04/2021;16:37;vast contract;TRUE;;;;;;;
822;19/04/2021;07:45;19/04/2021;17:39;vast contract;TRUE;;;;;;;
823;20/04/2021;07:58;20/04/2021;17:02;vast contract;TRUE;;;;;;;
824;21/04/2021;08:13;21/04/2021;16:41;vast contract;TRUE;;;;;;;
825;22/04/2021;07:54;22/04/2021;20:48;vast contract;TRUE;;;;;;;
826;23/04/2021;07:57;23/04/2021;17:29;vast contract;TRUE;;;;;;;
827;26/04/2021;08:13;26/04/2021;17:19;vast contract;TRUE;;;;;;;
828;27/04/2021;08:05;27/04/2021;18:13;vast contract;TRUE;;;;;;;
829;28/04/2021;08:25;28/04/2021;18:18;vast contract;TRUE;;;;;;;
830;29/04/2021;08:03;29/04/2021;16:06;vast contract;FALSE;;;;;;;
831;30/04/2021;08:20;30/04/2021;17:56;vast contract;TRUE;;;;;;;
832;03/05/2021;07:41;03/05/2021;17:02;vast contract;TRUE;;;;;;;
833;04/05/2021;07:55;04/05/2021;17:09;vast contract;TRUE;;;;;;;
834;05/05/2021;08:03;05/05/2021;17:32;vast contract;TRUE;;;;;;;
835;06/05/2021;08:02;06/05/2021;17:06;vast contract;TRUE;;;;;;;
836;07/05/2021;08:09;07/05/2021;16:33;vast contract;TRUE;;;;;;;
837;10/05/2021;08:08;10/05/2021;16:37;vast contract;TRUE;;;;;;;
838;11/05/2021;08:03;11/05/2021;16:46;vast contract;TRUE;;;;;;;
839;12/05/2021;08:02;12/05/2021;17:20;vast contract;TRUE;;;;;;;
840;14/05/2021;07:58;14/05/2021;17:12;vast contract;TRUE;;;;;;;
841;17/05/2021;08:05;17/05/2021;17:54;vast contract;TRUE;;;;;;;
842;18/05/2021;08:08;18/05/2021;18:22;vast contract;TRUE;;;;;;;
843;19/05/2021;08:03;19/05/2021;18:15;vast contract;TRUE;;;;;;;
844;20/05/2021;08:17;20/05/2021;16:42;vast contract;TRUE;;;;;;;
845;21/05/2021;08:03;21/05/2021;17:07;vast contract;TRUE;;;;;;;
846;25/05/2021;08:19;25/05/2021;17:40;vast contract;TRUE;;;;;;;
847;26/05/2021;08:05;26/05/2021;16:44;vast contract;TRUE;;;;;;;
848;27/05/2021;07:47;27/05/2021;17:59;vast contract;TRUE;;;;;;;
849;28/05/2021;08:07;28/05/2021;17:38;vast contract;TRUE;;;;;;;
850;31/05/2021;08:09;31/05/2021;16:57;vast contract;TRUE;;;;;;;
851;01/06/2021;08:21;01/06/2021;17:43;vast contract;TRUE;;;;;;;
852;02/06/2021;08:01;02/06/2021;17:13;vast contract;TRUE;;;;;;;
853;03/06/2021;08:29;03/06/2021;16:45;vast contract;TRUE;;;;;;;
854;04/06/2021;08:19;04/06/2021;17:42;vast contract;TRUE;;;;;;;
855;07/06/2021;07:44;07/06/2021;18:36;vast contract;TRUE;;;;;;;
856;08/06/2021;08:07;08/06/2021;17:03;vast contract;TRUE;;;;;;;
857;09/06/2021;08:22;09/06/2021;16:42;vast contract;TRUE;;;;;;;
858;10/06/2021;08:28;10/06/2021;17:38;vast contract;TRUE;;;;;;;
859;11/06/2021;07:59;11/06/2021;16:14;vast contract;TRUE;;;;;;;
860;14/06/2021;08:03;14/06/2021;18:50;vast contract;TRUE;;;;;;;
861;15/06/2021;08:12;15/06/2021;16:50;vast contract;TRUE;;;;;;;
862;16/06/2021;07:21;16/06/2021;17:22;vast contract;TRUE;;;;;;;
863;17/06/2021;08:06;17/06/2021;17:17;vast contract;TRUE;;;;;;;
864;18/06/2021;08:08;18/06/2021;17:22;vast contract;TRUE;;;;;;;
865;21/06/2021;07:58;21/06/2021;15:59;vast contract;TRUE;;;;;;;
866;22/06/2021;07:46;22/06/2021;16:30;vast contract;TRUE;;;;;;;
867;23/06/2021;08:00;23/06/2021;16:50;vast contract;TRUE;;;;;;;
868;24/06/2021;07:43;24/06/2021;16:50;vast contract;TRUE;;;;;;;
869;25/06/2021;08:08;25/06/2021;16:24;vast contract;TRUE;;;;;;;
870;28/06/2021;07:51;28/06/2021;16:48;vast contract;TRUE;;;;;;;
871;29/06/2021;07:58;29/06/2021;16:54;vast contract;TRUE;;;;;;;
872;30/06/2021;07:56;30/06/2021;16:38;vast contract;TRUE;;;;;;;
873;01/07/2021;07:48;01/07/2021;17:18;vast contract;TRUE;;;;;;;
874;02/07/2021;08:33;02/07/2021;17:08;vast contract;TRUE;;;;;;;
875;05/07/2021;07:42;05/07/2021;17:37;vast contract;TRUE;;;;;;;
876;06/07/2021;08:12;06/07/2021;17:28;vast contract;TRUE;;;;;;;
877;07/07/2021;07:56;07/07/2021;17:28;vast contract;TRUE;;;;;;;
878;08/07/2021;08:33;08/07/2021;17:13;vast contract;TRUE;;;;;;;
879;09/07/2021;08:02;09/07/2021;17:00;vast contract;TRUE;;;;;;;
880;09/07/2021;19:17;09/07/2021;23:46;vast contract;TRUE;;;;;;;
881;11/07/2021;17:16;11/07/2021;22:42;vast contract;TRUE;Weekend;;;;;;
882;12/07/2021;08:11;12/07/2021;17:31;vast contract;TRUE;;;;;;;
883;12/07/2021;19:40;12/07/2021;20:15;vast contract;TRUE;;;;;;;
884;13/07/2021;08:06;13/07/2021;17:42;vast contract;TRUE;;;;;;;
885;13/07/2021;18:30;13/07/2021;20:53;vast contract;TRUE;;;;;;;
886;14/07/2021;08:09;14/07/2021;17:40;vast contract;TRUE;;;;;;;
887;15/07/2021;08:04;15/07/2021;17:06;vast contract;TRUE;;;;;;;
888;16/07/2021;08:18;16/07/2021;17:40;vast contract;TRUE;;;;;;;
889;19/07/2021;08:09;19/07/2021;17:07;vast contract;TRUE;;;;;;;
890;20/07/2021;07:57;20/07/2021;17:24;vast contract;TRUE;;;;;;;
891;22/07/2021;08:04;22/07/2021;17:12;vast contract;TRUE;;;;;;;
892;23/07/2021;08:20;23/07/2021;17:01;vast contract;TRUE;;;;;;;
893;02/08/2021;08:08;02/08/2021;17:54;vast contract;TRUE;;;;;;;
894;03/08/2021;08:12;03/08/2021;17:03;vast contract;TRUE;;;;;;;
895;04/08/2021;08:06;04/08/2021;17:49;vast contract;TRUE;;;;;;;
896;05/08/2021;08:01;05/08/2021;18:22;vast contract;TRUE;;;;;;;
897;06/08/2021;08:30;06/08/2021;17:51;vast contract;TRUE;;;;;;;
898;09/08/2021;07:53;09/08/2021;17:38;vast contract;TRUE;;;;;;;
899;10/08/2021;08:14;10/08/2021;17:32;vast contract;TRUE;;;;;;;
900;11/08/2021;08:20;11/08/2021;17:20;vast contract;TRUE;;;;;;;
901;12/08/2021;07:55;12/08/2021;17:02;vast contract;TRUE;;;;;;;
902;13/08/2021;08:28;13/08/2021;17:39;vast contract;TRUE;;;;;;;
903;16/08/2021;08:11;16/08/2021;17:15;vast contract;TRUE;;;;;;;
904;17/08/2021;08:13;17/08/2021;16:29;vast contract;TRUE;;;;;;;
905;18/08/2021;08:13;18/08/2021;16:59;vast contract;TRUE;;;;;;;
906;19/08/2021;07:49;19/08/2021;16:56;vast contract;TRUE;;;;;;;
907;20/08/2021;07:55;20/08/2021;17:22;vast contract;TRUE;;;;;;;
908;23/08/2021;07:56;23/08/2021;16:50;vast contract;TRUE;;;;;;;
909;24/08/2021;07:47;24/08/2021;16:36;vast contract;TRUE;;;;;;;
910;25/08/2021;07:22;25/08/2021;16:55;vast contract;TRUE;;;;;;;
911;26/08/2021;08:16;26/08/2021;16:45;vast contract;TRUE;;;;;;;
912;27/08/2021;08:16;27/08/2021;17:20;vast contract;TRUE;;;;;;;
913;06/09/2021;08:24;06/09/2021;16:32;vast contract;TRUE;;;;;;;
914;07/09/2021;08:17;07/09/2021;16:52;vast contract;TRUE;;;;;;;
915;08/09/2021;07:52;08/09/2021;17:44;vast contract;TRUE;;;;;;;
916;09/09/2021;08:10;09/09/2021;16:48;vast contract;TRUE;;;;;;;
917;10/09/2021;08:13;10/09/2021;17:14;vast contract;TRUE;;;;;;;
918;13/09/2021;07:51;13/09/2021;17:40;vast contract;TRUE;;;;;;;
919;14/09/2021;08:32;14/09/2021;17:45;vast contract;TRUE;;;;;;;
920;15/09/2021;08:10;15/09/2021;18:04;vast contract;TRUE;;;;;;;
921;16/09/2021;08:20;16/09/2021;17:20;vast contract;TRUE;;;;;;;
922;17/09/2021;07:35;17/09/2021;16:41;vast contract;TRUE;;;;;;;
923;20/09/2021;08:16;20/09/2021;17:16;vast contract;TRUE;;;;;;;
924;21/09/2021;08:08;21/09/2021;17:36;vast contract;TRUE;;;;;;;
925;22/09/2021;07:28;22/09/2021;17:35;vast contract;TRUE;;;;;;;
926;23/09/2021;08:02;23/09/2021;17:48;vast contract;TRUE;;;;;;;
927;24/09/2021;08:11;24/09/2021;17:58;vast contract;TRUE;;;;;;;
928;24/09/2021;18:58;24/09/2021;22:43;vast contract;TRUE;;;;;;;
929;04/10/2021;07:45;04/10/2021;17:10;vast contract;FALSE;;;;;;;
930;05/10/2021;08:12;05/10/2021;17:05;vast contract;FALSE;;;;;;;
931;06/10/2021;08:14;06/10/2021;17:20;vast contract;FALSE;;;;;;;
932;07/10/2021;08:22;07/10/2021;18:16;vast contract;TRUE;;;;;;;
933;08/10/2021;08:23;08/10/2021;17:45;vast contract;TRUE;;;;;;;
934;11/10/2021;08:12;11/10/2021;17:38;vast contract;FALSE;;;;;;;
935;12/10/2021;08:24;12/10/2021;16:42;vast contract;FALSE;;;;;;;
936;13/10/2021;08:15;13/10/2021;16:27;vast contract;FALSE;;;;;;;
937;14/10/2021;08:19;14/10/2021;17:40;vast contract;TRUE;;;;;;;
938;15/10/2021;08:25;15/10/2021;17:02;vast contract;FALSE;;;;;;;
939;18/10/2021;08:12;18/10/2021;16:43;vast contract;FALSE;;;;;;;
940;19/10/2021;08:20;19/10/2021;17:12;vast contract;FALSE;;;;;;;
941;20/10/2021;08:15;20/10/2021;16:14;vast contract;FALSE;;;;;;;
942;21/10/2021;08:21;21/10/2021;16:44;vast contract;TRUE;;;;;;;
943;22/10/2021;08:17;22/10/2021;16:49;vast contract;TRUE;;;;;;;
944;02/11/2021;08:13;02/11/2021;17:20;vast contract;TRUE;;;;;;;
945;03/11/2021;08:20;03/11/2021;17:24;vast contract;TRUE;;;;;;;
946;04/11/2021;08:28;04/11/2021;16:43;vast contract;TRUE;;;;;;;
947;05/11/2021;08:24;05/11/2021;17:20;vast contract;TRUE;;;;;;;
948;08/11/2021;08:10;08/11/2021;16:40;vast contract;TRUE;;;;;;;
949;09/11/2021;08:00;09/11/2021;17:03;vast contract;TRUE;;;;;;;
950;10/11/2021;07:53;10/11/2021;17:22;vast contract;TRUE;;;;;;;
951;12/11/2021;08:11;12/11/2021;16:33;vast contract;TRUE;;;;;;;
952;15/11/2021;07:53;15/11/2021;17:04;vast contract;TRUE;;;;;;;
953;16/11/2021;08:12;16/11/2021;17:03;vast contract;TRUE;;;;;;;
954;17/11/2021;08:21;17/11/2021;15:37;vast contract;TRUE;;;;;;;
955;18/11/2021;08:03;18/11/2021;16:21;vast contract;TRUE;;;;;;;
956;19/11/2021;08:06;19/11/2021;17:29;vast contract;TRUE;;;;;;;
957;22/11/2021;08:14;22/11/2021;17:31;vast contract;TRUE;;;;;;;
958;23/11/2021;07:56;23/11/2021;16:49;vast contract;TRUE;;;;;;;
959;24/11/2021;08:00;24/11/2021;17:18;vast contract;TRUE;;;;;;;
960;25/11/2021;07:54;25/11/2021;16:34;vast contract;TRUE;;;;;;;
961;26/11/2021;08:19;26/11/2021;16:37;vast contract;TRUE;;;;;;;
962;29/11/2021;08:15;29/11/2021;16:28;vast contract;TRUE;;;;;;;
963;02/12/2021;09:23;02/12/2021;16:38;vast contract;FALSE;;;;;;;
964;06/12/2021;08:06;06/12/2021;16:28;vast contract;TRUE;;;;;;;
965;07/12/2021;08:28;07/12/2021;19:17;vast contract;TRUE;;;;;;;
966;08/12/2021;08:12;08/12/2021;17:31;vast contract;TRUE;;;;;;;
967;09/12/2021;08:50;09/12/2021;16:32;vast contract;FALSE;;;;;;;
968;10/12/2021;08:21;10/12/2021;16:56;vast contract;TRUE;;;;;;;
969;13/12/2021;08:16;13/12/2021;17:26;vast contract;TRUE;;;;;;;
970;14/12/2021;08:03;14/12/2021;17:18;vast contract;TRUE;;;;;;;
971;15/12/2021;08:06;15/12/2021;16:32;vast contract;TRUE;;;;;;;
972;16/12/2021;09:02;16/12/2021;16:56;vast contract;FALSE;;;;;;;
973;17/12/2021;08:13;17/12/2021;16:45;vast contract;TRUE;;;;;;;
974;20/12/2021;08:08;20/12/2021;17:06;vast contract;TRUE;;;;;;;
975;21/12/2021;08:07;21/12/2021;16:45;vast contract;TRUE;;;;;;;
976;22/12/2021;08:34;22/12/2021;17:13;vast contract;TRUE;;;;;;;
977;23/12/2021;08:20;23/12/2021;16:55;vast contract;TRUE;;;;;;;
978;24/12/2021;08:47;24/12/2021;18:15;vast contract;FALSE;;;;;;;
979;27/12/2021;08:17;27/12/2021;16:36;vast contract;TRUE;;;;;;;
980;28/12/2021;08:25;28/12/2021;16:36;vast contract;TRUE;;;;;;;
981;29/12/2021;08:12;29/12/2021;16:50;vast contract;TRUE;;;;;;;
982;30/12/2021;08:07;30/12/2021;17:19;vast contract;TRUE;;;;;;;
983;31/12/2021;08:21;31/12/2021;17:11;vast contract;TRUE;;;;;;;
984;03/01/2022;08:08;03/01/2022;16:47;vast contract;TRUE;;;;;;;
985;04/01/2022;08:08;04/01/2022;16:19;vast contract;TRUE;;;;;;;
986;05/01/2022;08:06;05/01/2022;16:20;vast contract;TRUE;;;;;;;
987;06/01/2022;08:17;06/01/2022;17:32;vast contract;TRUE;;;;;;;
988;07/01/2022;08:09;07/01/2022;17:00;vast contract;TRUE;;;;;;;
989;10/01/2022;07:55;10/01/2022;17:09;vast contract;TRUE;;;;;;;
990;11/01/2022;08:23;11/01/2022;16:53;vast contract;TRUE;;;;;;;
991;12/01/2022;08:18;12/01/2022;17:39;vast contract;TRUE;;;;;;;
992;13/01/2022;08:17;13/01/2022;16:45;vast contract;TRUE;;;;;;;
993;14/01/2022;08:12;14/01/2022;16:45;vast contract;TRUE;;;;;;;
994;17/01/2022;08:32;17/01/2022;14:04;vast contract;TRUE;;;;;;;
995;18/01/2022;08:08;18/01/2022;17:36;vast contract;TRUE;;;;;;;
996;19/01/2022;07:41;19/01/2022;17:02;vast contract;TRUE;;;;;;;
997;20/01/2022;08:23;20/01/2022;17:17;vast contract;TRUE;;;;;;;
998;21/01/2022;08:24;21/01/2022;17:32;vast contract;FALSE;;;;;;;
999;24/01/2022;08:15;24/01/2022;17:13;vast contract;TRUE;;;;;;;
1000;25/01/2022;08:17;25/01/2022;17:41;vast contract;TRUE;;;;;;;
1001;26/01/2022;08:15;26/01/2022;16:55;vast contract;TRUE;;;;;;;
1002;27/01/2022;08:25;27/01/2022;17:13;vast contract;TRUE;;;;;;;
1003;28/01/2022;08:22;28/01/2022;17:20;vast contract;TRUE;;;;;;;
1004;31/01/2022;08:04;31/01/2022;16:38;vast contract;TRUE;;;;;;;
1005;01/02/2022;08:14;01/02/2022;16:45;vast contract;TRUE;;;;;;;
1006;02/02/2022;08:20;02/02/2022;16:36;vast contract;TRUE;;;;;;;
1007;03/02/2022;08:23;03/02/2022;16:53;vast contract;TRUE;;;;;;;
1008;04/02/2022;08:14;04/02/2022;17:29;vast contract;TRUE;;;;;;;
1009;07/02/2022;08:19;07/02/2022;17:43;vast contract;TRUE;;;;;;;
1010;08/02/2022;08:17;08/02/2022;16:51;vast contract;TRUE;;;;;;;
1011;09/02/2022;07:59;09/02/2022;17:28;vast contract;TRUE;;;;;;;
1012;10/02/2022;08:23;10/02/2022;17:14;vast contract;TRUE;;;;;;;
1013;11/02/2022;08:14;11/02/2022;17:18;vast contract;TRUE;;;;;;;
1014;14/02/2022;08:14;14/02/2022;16:38;vast contract;TRUE;;;;;;;
1015;15/02/2022;08:25;15/02/2022;15:36;vast contract;FALSE;;;;;;;
1016;15/02/2022;17:45;15/02/2022;19:44;vast contract;FALSE;;;;;;;
1017;16/02/2022;07:58;16/02/2022;16:37;vast contract;TRUE;;;;;;;
1018;17/02/2022;08:21;17/02/2022;16:43;vast contract;TRUE;;;;;;;
1019;18/02/2022;07:58;18/02/2022;16:43;vast contract;TRUE;;;;;;;
1020;21/02/2022;08:13;21/02/2022;17:23;vast contract;FALSE;;;;;;;
1021;22/02/2022;08:07;22/02/2022;17:42;vast contract;TRUE;;;;;;;
1022;23/02/2022;08:08;23/02/2022;16:57;vast contract;TRUE;;;;;;;
1023;24/02/2022;08:26;24/02/2022;16:45;vast contract;TRUE;;;;;;;
1024;25/02/2022;08:20;25/02/2022;17:51;vast contract;TRUE;;;;;;;
1025;28/02/2022;08:21;28/02/2022;17:32;vast contract;TRUE;;;;;;;
1026;01/03/2022;08:07;01/03/2022;16:41;vast contract;TRUE;;;;;;;
1027;02/03/2022;07:53;02/03/2022;17:29;vast contract;TRUE;;;;;;;
1028;03/03/2022;08:00;03/03/2022;16:44;vast contract;TRUE;;;;;;;
1029;07/03/2022;08:11;07/03/2022;16:35;vast contract;TRUE;;;;;;;
1030;08/03/2022;08:02;08/03/2022;17:16;vast contract;TRUE;;;;;;;
1031;09/03/2022;08:10;09/03/2022;16:46;vast contract;TRUE;;;;;;;
1032;10/03/2022;08:12;10/03/2022;16:57;vast contract;TRUE;;;;;;;
1033;14/03/2022;08:07;14/03/2022;17:08;vast contract;TRUE;;;;;;;
1034;15/03/2022;08:02;15/03/2022;17:14;vast contract;TRUE;;;;;;;
1035;16/03/2022;08:02;16/03/2022;16:31;vast contract;TRUE;;;;;;;
1036;17/03/2022;08:16;17/03/2022;16:38;vast contract;TRUE;;;;;;;
1037;21/03/2022;08:11;21/03/2022;16:21;vast contract;TRUE;;;;;;;
1038;22/03/2022;08:16;22/03/2022;16:50;vast contract;TRUE;;;;;;;
1039;23/03/2022;08:11;23/03/2022;16:22;vast contract;TRUE;;;;;;;
1040;24/03/2022;08:08;24/03/2022;16:39;vast contract;TRUE;;;;;;;
1041;28/03/2022;08:19;28/03/2022;16:22;vast contract;TRUE;;;;;;;
1042;29/03/2022;08:15;29/03/2022;16:57;vast contract;TRUE;;;;;;;
1043;30/03/2022;07:59;30/03/2022;16:43;vast contract;TRUE;;;;;;;
1044;01/04/2022;08:16;01/04/2022;15:42;vast contract;TRUE;;;;;;;
1045;04/04/2022;08:09;04/04/2022;16:05;vast contract;FALSE;;;;;;;
1046;05/04/2022;08:15;05/04/2022;16:27;vast contract;FALSE;;;;;;;
1047;06/04/2022;08:11;06/04/2022;16:16;vast contract;FALSE;;;;;;;
1048;07/04/2022;08:09;07/04/2022;16:23;vast contract;TRUE;;;;;;;
1049;08/04/2022;08:09;08/04/2022;17:01;vast contract;TRUE;;;;;;;
1050;11/04/2022;08:11;11/04/2022;16:29;vast contract;FALSE;;;;;;;
1051;12/04/2022;08:10;12/04/2022;16:36;vast contract;FALSE;;;;;;;
1052;13/04/2022;08:05;13/04/2022;16:42;vast contract;FALSE;;;;;;;
1053;14/04/2022;08:07;14/04/2022;16:41;vast contract;TRUE;;;;;;;
1054;15/04/2022;08:11;15/04/2022;16:15;vast contract;TRUE;;;;;;;
1055;19/04/2022;08:11;19/04/2022;16:27;vast contract;FALSE;;;;;;;
1056;20/04/2022;08:10;20/04/2022;16:30;vast contract;FALSE;;;;;;;
1057;21/04/2022;07:52;21/04/2022;16:21;vast contract;TRUE;;;;;;;
1058;22/04/2022;08:07;22/04/2022;16:10;vast contract;TRUE;;;;;;;
1059;25/04/2022;08:06;25/04/2022;16:27;vast contract;FALSE;;;;;;;
1060;26/04/2022;08:21;26/04/2022;16:21;vast contract;FALSE;;;;;;;
1061;27/04/2022;08:11;27/04/2022;17:04;vast contract;FALSE;;;;;;;
1062;28/04/2022;08:00;28/04/2022;16:30;vast contract;TRUE;;;;;;;
1063;29/04/2022;08:10;29/04/2022;17:08;vast contract;TRUE;;;;;;;
1064;02/05/2022;08:14;02/05/2022;16:22;vast contract;FALSE;;;;;;;
1065;03/05/2022;08:09;03/05/2022;16:26;vast contract;FALSE;;;;;;;
1066;04/05/2022;08:22;04/05/2022;16:47;vast contract;FALSE;;;;;;;
1067;05/05/2022;08:15;05/05/2022;16:25;vast contract;TRUE;;;;;;;
1068;06/05/2022;08:30;06/05/2022;16:36;vast contract;TRUE;;;;;;;
1069;09/05/2022;08:11;09/05/2022;16:30;vast contract;FALSE;;;;;;;
1070;10/05/2022;08:17;10/05/2022;16:29;vast contract;FALSE;;;;;;;
1071;11/05/2022;08:18;11/05/2022;16:28;vast contract;FALSE;;;;;;;
1072;12/05/2022;07:53;12/05/2022;16:23;vast contract;TRUE;;;;;;;
1073;13/05/2022;08:06;13/05/2022;16:12;vast contract;TRUE;;;;;;;
1074;16/05/2022;08:16;16/05/2022;16:54;vast contract;FALSE;;;;;;;
1075;17/05/2022;08:12;17/05/2022;16:42;vast contract;FALSE;;;;;;;
1076;18/05/2022;08:16;18/05/2022;16:20;vast contract;FALSE;;;;;;;
1077;19/05/2022;08:10;19/05/2022;16:35;vast contract;TRUE;;;;;;;
1078;20/05/2022;08:07;20/05/2022;16:47;vast contract;TRUE;;;;;;;
1079;23/05/2022;08:14;23/05/2022;16:20;vast contract;FALSE;;;;;;;
1080;24/05/2022;08:05;24/05/2022;16:42;vast contract;FALSE;;;;;;;
1081;25/05/2022;08:14;25/05/2022;16:23;vast contract;FALSE;;;;;;;
1082;27/05/2022;08:07;27/05/2022;16:31;vast contract;TRUE;;;;;;;
1083;30/05/2022;08:11;30/05/2022;16:24;vast contract;FALSE;;;;;;;
1084;31/05/2022;08:28;31/05/2022;16:38;vast contract;FALSE;;;;;;;
1085;01/06/2022;08:17;01/06/2022;16:22;vast contract;FALSE;;;;;;;
1086;02/06/2022;08:15;02/06/2022;16:24;vast contract;TRUE;;;;;;;
1087;03/06/2022;08:24;03/06/2022;16:52;vast contract;TRUE;;;;;;;
1088;07/06/2022;08:16;07/06/2022;16:17;vast contract;FALSE;;;;;;;
1089;08/06/2022;08:22;08/06/2022;16:27;vast contract;FALSE;;;;;;;
1090;09/06/2022;08:06;09/06/2022;16:17;vast contract;TRUE;;;;;;;
1091;10/06/2022;08:11;10/06/2022;16:20;vast contract;TRUE;;;;;;;
1092;14/06/2022;08:10;14/06/2022;16:48;vast contract;FALSE;;;;;;;
1093;15/06/2022;08:26;15/06/2022;16:32;vast contract;FALSE;;;;;;;
1094;16/06/2022;08:16;16/06/2022;17:34;vast contract;TRUE;;;;;;;
1095;17/06/2022;08:18;17/06/2022;18:00;vast contract;TRUE;;;;;;;
1096;21/06/2022;08:14;21/06/2022;16:33;vast contract;FALSE;;;;;;;
1097;22/06/2022;08:16;22/06/2022;17:18;vast contract;TRUE;;;;;;;
1098;23/06/2022;08:17;23/06/2022;16:39;vast contract;FALSE;;;;;;;
1099;24/06/2022;08:27;24/06/2022;16:32;vast contract;TRUE;;;;;;;
1100;28/06/2022;08:17;28/06/2022;16:45;vast contract;FALSE;;;;;;;
1101;29/06/2022;08:16;29/06/2022;16:27;vast contract;FALSE;;;;;;;
1102;30/06/2022;08:05;30/06/2022;16:15;vast contract;TRUE;;;;;;;
1103;01/07/2022;08:03;01/07/2022;16:25;vast contract;TRUE;;;;;;;
1104;04/07/2022;08:22;04/07/2022;16:25;vast contract;FALSE;;;;;;;
1105;05/07/2022;08:08;05/07/2022;17:15;vast contract;FALSE;;;;;;;
1106;06/07/2022;08:14;06/07/2022;16:35;vast contract;FALSE;;;;;;;
1107;07/07/2022;08:14;07/07/2022;16:20;vast contract;FALSE;;;;;;;
1108;08/07/2022;08:09;08/07/2022;16:55;vast contract;TRUE;;;;;;;
1109;11/07/2022;08:16;11/07/2022;16:21;vast contract;FALSE;;;;;;;
1110;12/07/2022;08:09;12/07/2022;16:16;vast contract;FALSE;;;;;;;
1111;13/07/2022;08:14;13/07/2022;16:19;vast contract;FALSE;;;;;;;
1112;14/07/2022;08:11;14/07/2022;16:23;vast contract;TRUE;;;;;;;
1113;15/07/2022;07:52;15/07/2022;16:02;vast contract;TRUE;;;;;;;
1114;18/07/2022;07:59;18/07/2022;16:14;vast contract;TRUE;;;;;;;
1115;19/07/2022;08:04;19/07/2022;16:18;vast contract;FALSE;;;;;;;
1116;20/07/2022;08:01;20/07/2022;16:17;vast contract;TRUE;;;;;;;
1117;22/07/2022;08:17;22/07/2022;16:19;vast contract;TRUE;;;;;;;
1118;25/07/2022;08:11;25/07/2022;16:15;vast contract;FALSE;;;;;;;
1119;26/07/2022;08:08;26/07/2022;16:20;vast contract;FALSE;;;;;;;
1120;27/07/2022;08:13;27/07/2022;16:14;vast contract;FALSE;;;;;;;
1121;28/07/2022;08:09;28/07/2022;16:47;vast contract;TRUE;;;;;;;
1122;29/07/2022;08:16;29/07/2022;16:27;vast contract;TRUE;;;;;;;
1123;02/08/2022;08:01;02/08/2022;16:08;vast contract;FALSE;;;;;;;
1124;03/08/2022;08:09;03/08/2022;16:29;vast contract;FALSE;;;;;;;
1125;04/08/2022;08:15;04/08/2022;16:17;vast contract;TRUE;;;;;;;
1126;05/08/2022;08:21;05/08/2022;16:24;vast contract;FALSE;;;;;;;
1127;09/08/2022;08:08;09/08/2022;16:17;vast contract;FALSE;;;;;;;
1128;10/08/2022;08:17;10/08/2022;16:36;vast contract;FALSE;;;;;;;
1129;11/08/2022;08:12;11/08/2022;16:26;vast contract;TRUE;;;;;;;
1130;12/08/2022;08:26;12/08/2022;16:37;vast contract;TRUE;;;;;;;
1131;16/08/2022;08:07;16/08/2022;16:08;vast contract;FALSE;;;;;;;
1132;17/08/2022;08:11;17/08/2022;16:28;vast contract;FALSE;;;;;;;
1133;18/08/2022;08:02;18/08/2022;16:08;vast contract;TRUE;;;;;;;
1134;19/08/2022;08:07;19/08/2022;16:33;vast contract;TRUE;;;;;;;
1135;23/08/2022;08:06;23/08/2022;16:14;vast contract;FALSE;;;;;;;
1136;24/08/2022;08:08;24/08/2022;16:09;vast contract;FALSE;;;;;;;
1137;25/08/2022;07:58;25/08/2022;16:57;vast contract;TRUE;;;;;;;
1138;26/08/2022;07:53;26/08/2022;16:20;vast contract;TRUE;;;;;;;
1139;30/08/2022;08:09;30/08/2022;16:23;vast contract;FALSE;;;;;;;
1140;31/08/2022;08:07;31/08/2022;16:16;vast contract;FALSE;;;;;;;
1141;01/09/2022;08:16;01/09/2022;16:53;vast contract;TRUE;;;;;;;
1142;02/09/2022;08:19;02/09/2022;16:35;vast contract;FALSE;;;;;;;
1143;06/09/2022;08:14;06/09/2022;16:35;vast contract;FALSE;;;;;;;
1144;07/09/2022;08:14;07/09/2022;16:52;vast contract;FALSE;;;;;;;
1145;08/09/2022;08:09;08/09/2022;16:33;vast contract;TRUE;;;;;;;
1146;09/09/2022;08:15;09/09/2022;17:45;vast contract;TRUE;;;;;;;
1147;09/09/2022;18:44;09/09/2022;22:08;vast contract;TRUE;;;;;;;
1148;13/09/2022;08:17;13/09/2022;17:11;vast contract;FALSE;;;;;;;
1149;14/09/2022;08:19;14/09/2022;16:28;vast contract;FALSE;;;;;;;
1150;15/09/2022;07:58;15/09/2022;16:13;vast contract;TRUE;;;;;;;
1151;16/09/2022;07:59;16/09/2022;16:05;vast contract;TRUE;;;;;;;
1152;20/09/2022;08:11;20/09/2022;17:17;vast contract;FALSE;;;;;;;
1153;21/09/2022;08:23;21/09/2022;16:34;vast contract;FALSE;;;;;;;
1154;22/09/2022;08:17;22/09/2022;16:42;vast contract;TRUE;;;;;;;
1155;23/09/2022;08:28;23/09/2022;16:39;vast contract;TRUE;;;;;;;
1156;27/09/2022;08:24;27/09/2022;17:16;vast contract;FALSE;;;;;;;
1157;28/09/2022;08:14;28/09/2022;16:39;vast contract;FALSE;;;;;;;
1158;29/09/2022;08:20;29/09/2022;16:23;vast contract;TRUE;;;;;;;
1159;30/09/2022;08:28;30/09/2022;16:45;vast contract;TRUE;;;;;;;
1160;04/10/2022;08:09;04/10/2022;16:34;vast contract;FALSE;;;;;;;
1161;05/10/2022;08:11;05/10/2022;16:14;vast contract;FALSE;;;;;;;
1162;06/10/2022;08:16;06/10/2022;16:39;vast contract;TRUE;;;;;;;
1163;07/10/2022;08:11;07/10/2022;16:53;vast contract;TRUE;;;;;;;
1164;11/10/2022;08:14;11/10/2022;16:20;vast contract;FALSE;;;;;;;
1165;12/10/2022;08:15;12/10/2022;16:17;vast contract;FALSE;;;;;;;
1166;13/10/2022;07:59;13/10/2022;16:06;vast contract;TRUE;;;;;;;
1167;14/10/2022;08:05;14/10/2022;16:23;vast contract;TRUE;;;;;;;
1168;18/10/2022;08:18;18/10/2022;16:54;vast contract;FALSE;;;;;;;
1169;19/10/2022;08:17;19/10/2022;16:26;vast contract;FALSE;;;;;;;
1170;20/10/2022;08:13;20/10/2022;16:26;vast contract;TRUE;;;;;;;
1171;21/10/2022;08:14;21/10/2022;16:40;vast contract;TRUE;;;;;;;
1172;25/10/2022;08:15;25/10/2022;16:17;vast contract;FALSE;;;;;;;
1173;26/10/2022;08:24;26/10/2022;16:41;vast contract;FALSE;;;;;;;
1174;27/10/2022;08:11;27/10/2022;16:27;vast contract;TRUE;;;;;;;
1175;28/10/2022;07:46;28/10/2022;16:03;vast contract;TRUE;;;;;;;
1176;02/11/2022;08:10;02/11/2022;16:49;vast contract;FALSE;;;;;;;
1177;03/11/2022;08:11;03/11/2022;16:15;vast contract;TRUE;;;;;;;
1178;04/11/2022;07:55;04/11/2022;16:17;vast contract;TRUE;;;;;;;
1179;08/11/2022;08:19;08/11/2022;16:17;vast contract;FALSE;;;;;;;
1180;09/11/2022;08:35;09/11/2022;16:35;vast contract;TRUE;;;;;;;
1181;10/11/2022;08:19;10/11/2022;16:21;vast contract;TRUE;;;;;;;
1182;15/11/2022;08:17;15/11/2022;16:20;vast contract;FALSE;;;;;;;
1183;16/11/2022;08:26;16/11/2022;16:37;vast contract;FALSE;;;;;;;
1184;17/11/2022;08:06;17/11/2022;17:22;vast contract;TRUE;;;;;;;
1185;18/11/2022;08:12;18/11/2022;17:19;vast contract;TRUE;;;;;;;
1186;22/11/2022;08:15;22/11/2022;16:26;vast contract;FALSE;;;;;;;
1187;23/11/2022;08:27;23/11/2022;16:48;vast contract;FALSE;;;;;;;
1188;24/11/2022;08:18;24/11/2022;16:50;vast contract;TRUE;;;;;;;
1189;25/11/2022;08:19;25/11/2022;17:07;vast contract;TRUE;;;;;;;
1190;29/11/2022;08:19;29/11/2022;17:04;vast contract;FALSE;;;;;;;
1191;29/11/2022;20:47;29/11/2022;22:07;vast contract;FALSE;;;;;;;
1192;30/11/2022;08:26;30/11/2022;17:06;vast contract;FALSE;;;;;;;
1193;01/12/2022;07:58;01/12/2022;16:46;vast contract;TRUE;;;;;;;
1194;02/12/2022;08:03;02/12/2022;17:07;vast contract;TRUE;;;;;;;
1195;06/12/2022;08:26;06/12/2022;16:39;vast contract;FALSE;;;;;;;
1196;07/12/2022;08:17;07/12/2022;16:41;vast contract;FALSE;;;;;;;
1197;08/12/2022;08:25;08/12/2022;17:46;vast contract;FALSE;;;;;;;
1198;09/12/2022;08:25;09/12/2022;17:21;vast contract;TRUE;;;;;;;
1199;13/12/2022;08:19;13/12/2022;16:53;vast contract;FALSE;;;;;;;
1200;14/12/2022;08:19;14/12/2022;17:14;vast contract;FALSE;;;;;;;
1201;15/12/2022;08:16;15/12/2022;16:19;vast contract;TRUE;;;;;;;
1202;16/12/2022;08:27;16/12/2022;16:37;vast contract;TRUE;;;;;;;
1203;20/12/2022;08:27;20/12/2022;16:47;vast contract;FALSE;;;;;;;
1204;21/12/2022;08:22;21/12/2022;17:25;vast contract;FALSE;;;;;;;
1205;22/12/2022;08:21;22/12/2022;17:03;vast contract;TRUE;;;;;;;
1206;23/12/2022;08:17;23/12/2022;16:41;vast contract;TRUE;;;;;;;
1207;27/12/2022;08:19;27/12/2022;16:58;vast contract;FALSE;;;;;;;
1208;29/12/2022;08:10;29/12/2022;16:15;vast contract;TRUE;;;;;;;
1209;30/12/2022;08:00;30/12/2022;16:15;vast contract;TRUE;;;;;;;
1210;03/01/2023;08:25;03/01/2023;16:29;vast contract;FALSE;;;;;;;
1211;04/01/2023;08:21;04/01/2023;16:25;vast contract;FALSE;;;;;;;
1212;05/01/2023;08:05;05/01/2023;16:25;vast contract;TRUE;;;;;;;
1213;06/01/2023;08:09;06/01/2023;17:31;vast contract;TRUE;;;;;;;
1214;06/01/2023;18:00;06/01/2023;23:57;vast contract;TRUE;;;;;;;
1215;10/01/2023;08:16;10/01/2023;16:33;vast contract;FALSE;;;;;;;
1216;11/01/2023;08:23;11/01/2023;16:44;vast contract;FALSE;;;;;;;
1217;12/01/2023;08:11;12/01/2023;16:31;vast contract;TRUE;;;;;;;
1218;13/01/2023;08:14;13/01/2023;16:26;vast contract;TRUE;;;;;;;
1219;17/01/2023;08:21;17/01/2023;16:33;vast contract;FALSE;;;;;;;
1220;18/01/2023;08:40;18/01/2023;16:40;vast contract;FALSE;;;;;;;
1221;19/01/2023;08:20;19/01/2023;16:25;vast contract;TRUE;;;;;;;
1222;20/01/2023;08:11;20/01/2023;16:14;vast contract;TRUE;;;;;;;
1223;24/01/2023;08:29;24/01/2023;17:57;vast contract;FALSE;;;;;;;
1224;25/01/2023;08:23;25/01/2023;16:43;vast contract;FALSE;;;;;;;
1225;26/01/2023;08:20;26/01/2023;17:10;vast contract;TRUE;;;;;;;
1226;27/01/2023;08:33;27/01/2023;17:26;vast contract;TRUE;;;;;;;
1227;27/01/2023;18:12;27/01/2023;21:21;vast contract;TRUE;;;;;;;
1228;31/01/2023;08:18;31/01/2023;16:52;vast contract;FALSE;;;;;;;
1229;01/02/2023;08:23;01/02/2023;17:27;vast contract;FALSE;;;;;;;
1230;02/02/2023;08:26;02/02/2023;17:32;vast contract;TRUE;;;;;;;
1231;02/02/2023;18:07;02/02/2023;19:15;vast contract;TRUE;;;;;;;
1232;03/02/2023;08:30;03/02/2023;17:32;vast contract;TRUE;;;;;;;
1233;07/02/2023;08:29;07/02/2023;16:41;vast contract;FALSE;;;;;;;
1234;08/02/2023;08:09;08/02/2023;16:52;vast contract;FALSE;;;;;;;
1235;09/02/2023;08:18;09/02/2023;17:13;vast contract;TRUE;;;;;;;
1236;10/02/2023;08:20;10/02/2023;17:16;vast contract;TRUE;;;;;;;
1237;13/02/2023;08:24;13/02/2023;18:03;vast contract;FALSE;;;;;;;
1238;14/02/2023;08:27;14/02/2023;16:45;vast contract;FALSE;;;;;;;
1239;15/02/2023;08:27;15/02/2023;16:39;vast contract;FALSE;;;;;;;
1240;16/02/2023;08:15;16/02/2023;16:28;vast contract;TRUE;;;;;;;
1241;17/02/2023;08:18;17/02/2023;16:50;vast contract;TRUE;;;;;;;
1242;20/02/2023;08:21;20/02/2023;16:22;vast contract;FALSE;;;;;;;
1243;21/02/2023;08:28;21/02/2023;16:36;vast contract;FALSE;;;;;;;
1244;22/02/2023;08:19;22/02/2023;16:27;vast contract;FALSE;;;;;;;
1245;23/02/2023;09:13;23/02/2023;16:45;vast contract;FALSE;Opleiding Power Automate;;;;;;
1246;24/02/2023;09:05;24/02/2023;16:30;vast contract;FALSE;Opleiding Power Automate;;;;;;
1247;27/02/2023;08:22;27/02/2023;17:19;vast contract;FALSE;;;;;;;
1248;28/02/2023;08:23;28/02/2023;17:05;vast contract;FALSE;;;;;;;
1249;01/03/2023;08:40;01/03/2023;16:37;vast contract;FALSE;;;;;;;
1250;02/03/2023;08:16;02/03/2023;16:47;vast contract;FALSE;;;;;;;
1251;03/03/2023;08:40;03/03/2023;17:32;vast contract;FALSE;;;;;;;
1252;06/03/2023;08:25;06/03/2023;16:26;vast contract;FALSE;;;;;;;
1253;07/03/2023;08:49;07/03/2023;16:54;vast contract;FALSE;;;;;;;
1254;08/03/2023;08:44;08/03/2023;16:44;vast contract;FALSE;;;;;;;
1255;09/03/2023;07:56;09/03/2023;16:50;vast contract;TRUE;;;;;;;
1256;10/03/2023;08:01;10/03/2023;16:46;vast contract;TRUE;;;;;;;
1257;14/03/2023;08:42;14/03/2023;16:42;vast contract;FALSE;;;;;;;
1258;15/03/2023;08:25;15/03/2023;16:49;vast contract;FALSE;;;;;;;
1259;16/03/2023;08:18;16/03/2023;17:03;vast contract;TRUE;;;;;;;
1260;17/03/2023;08:22;17/03/2023;17:27;vast contract;TRUE;;;;;;;
1261;20/03/2023;08:25;20/03/2023;16:38;vast contract;FALSE;;;;;;;
1262;21/03/2023;08:34;21/03/2023;15:24;vast contract;FALSE;;;;;;;
1263;22/03/2023;08:30;22/03/2023;17:26;vast contract;FALSE;;;;;;;
1264;23/03/2023;08:20;23/03/2023;16:34;vast contract;TRUE;;;;;;;
1265;24/03/2023;08:22;24/03/2023;16:50;vast contract;TRUE;;;;;;;
1266;27/03/2023;08:24;27/03/2023;16:32;vast contract;FALSE;;;;;;;
1267;28/03/2023;08:27;28/03/2023;16:34;vast contract;FALSE;;;;;;;
1268;29/03/2023;08:35;29/03/2023;16:57;vast contract;FALSE;;;;;;;
1269;30/03/2023;08:36;30/03/2023;17:32;vast contract;TRUE;;;;;;;
1270;31/03/2023;08:24;31/03/2023;16:48;vast contract;TRUE;;;;;;;
1271;03/04/2023;08:11;03/04/2023;17:10;vast contract;FALSE;;;;;;;
1272;04/04/2023;08:20;04/04/2023;17:02;vast contract;FALSE;;;;;;;
1273;05/04/2023;08:20;05/04/2023;16:38;vast contract;FALSE;;;;;;;
1274;06/04/2023;07:44;06/04/2023;16:20;vast contract;TRUE;;;;;;;
1275;07/04/2023;08:18;07/04/2023;16:32;vast contract;TRUE;;;;;;;
1276;11/04/2023;08:28;11/04/2023;16:31;vast contract;FALSE;;;;;;;
1277;12/04/2023;08:35;12/04/2023;16:02;vast contract;FALSE;;;;;;;
1278;13/04/2023;08:11;13/04/2023;16:50;vast contract;TRUE;;;;;;;
1279;14/04/2023;08:27;14/04/2023;17:16;vast contract;TRUE;;;;;;;
1280;17/04/2023;08:22;17/04/2023;16:38;vast contract;FALSE;;;;;;;
1281;18/04/2023;08:23;18/04/2023;16:44;vast contract;FALSE;;;;;;;
1282;19/04/2023;08:22;19/04/2023;16:59;vast contract;FALSE;;;;;;;
1283;20/04/2023;08:15;20/04/2023;17:03;vast contract;TRUE;;;;;;;
1284;21/04/2023;07:55;21/04/2023;16:42;vast contract;TRUE;;;;;;;
1285;24/04/2023;08:28;24/04/2023;17:11;vast contract;FALSE;;;;;;;
1286;25/04/2023;08:29;25/04/2023;17:03;vast contract;FALSE;;;;;;;
1287;26/04/2023;08:24;26/04/2023;16:49;vast contract;FALSE;;;;;;;
1288;27/04/2023;08:13;27/04/2023;16:35;vast contract;TRUE;;;;;;;
1289;28/04/2023;08:26;28/04/2023;16:43;vast contract;TRUE;;;;;;;
1290;02/05/2023;08:27;02/05/2023;16:48;vast contract;FALSE;;;;;;;
1291;03/05/2023;08:22;03/05/2023;16:57;vast contract;FALSE;;;;;;;
1292;04/05/2023;08:21;04/05/2023;16:38;vast contract;TRUE;;;;;;;
1293;05/05/2023;08:24;05/05/2023;16:39;vast contract;TRUE;;;;;;;
1294;08/05/2023;08:16;08/05/2023;13:14;vast contract;FALSE;;;;;;;
1295;08/05/2023;16:05;08/05/2023;17:05;vast contract;FALSE;;;;;;;
1296;09/05/2023;08:31;09/05/2023;17:18;vast contract;FALSE;;;;;;;
1297;09/05/2023;21:54;09/05/2023;23:31;vast contract;FALSE;;;;;;;
1298;11/05/2023;08:16;11/05/2023;17:01;vast contract;FALSE;;;;;;;
1299;12/05/2023;08:22;12/05/2023;16:55;vast contract;TRUE;;;;;;;
1300;15/05/2023;08:21;15/05/2023;16:14;vast contract;FALSE;;;;;;;
1301;16/05/2023;08:23;16/05/2023;16:33;vast contract;FALSE;;;;;;;
1302;17/05/2023;08:17;17/05/2023;16:36;vast contract;FALSE;;;;;;;
1303;19/05/2023;08:17;19/05/2023;16:48;vast contract;TRUE;;;;;;;
1304;22/05/2023;08:02;22/05/2023;16:20;vast contract;FALSE;;;;;;;
1305;23/05/2023;08:21;23/05/2023;16:52;vast contract;FALSE;;;;;;;
1306;24/05/2023;08:15;24/05/2023;16:22;vast contract;FALSE;;;;;;;
1307;25/05/2023;08:14;25/05/2023;16:40;vast contract;TRUE;;;;;;;
1308;26/05/2023;08:18;26/05/2023;17:01;vast contract;TRUE;;;;;;;
1309;30/05/2023;08:13;30/05/2023;16:20;vast contract;FALSE;;;;;;;
1310;31/05/2023;08:16;31/05/2023;16:24;vast contract;FALSE;;;;;;;
1311;01/06/2023;07:58;01/06/2023;16:50;vast contract;TRUE;;;;;;;
1312;02/06/2023;08:00;02/06/2023;17:12;vast contract;TRUE;;;;;;;
1313;02/06/2023;18:17;02/06/2023;21:30;vast contract;TRUE;;;;;;;
1314;05/06/2023;08:36;05/06/2023;16:36;vast contract;FALSE;;;;;;;
1315;06/06/2023;08:09;06/06/2023;16:39;vast contract;FALSE;;;;;;;
1316;07/06/2023;08:19;07/06/2023;16:32;vast contract;FALSE;;;;;;;
1317;08/06/2023;08:05;08/06/2023;16:08;vast contract;TRUE;;;;;;;
1318;09/06/2023;08:05;09/06/2023;16:07;vast contract;TRUE;;;;;;;
1319;12/06/2023;08:12;12/06/2023;16:13;vast contract;FALSE;;;;;;;
1320;13/06/2023;08:16;13/06/2023;16:17;vast contract;FALSE;;;;;;;
1321;14/06/2023;08:30;14/06/2023;16:31;vast contract;FALSE;;;;;;;
1322;15/06/2023;08:06;15/06/2023;16:34;vast contract;TRUE;;;;;;;
1323;16/06/2023;08:10;16/06/2023;16:27;vast contract;FALSE;;;;;;;
1324;19/06/2023;08:15;19/06/2023;16:25;vast contract;FALSE;;;;;;;
1325;20/06/2023;08:21;20/06/2023;16:23;vast contract;FALSE;;;;;;;
1326;21/06/2023;08:19;21/06/2023;16:25;vast contract;FALSE;;;;;;;
1327;22/06/2023;08:05;22/06/2023;16:36;vast contract;TRUE;;;;;;;
1328;23/06/2023;08:09;23/06/2023;17:19;vast contract;TRUE;;;;;;;
1329;26/06/2023;08:17;26/06/2023;16:32;vast contract;FALSE;;;;;;;
1330;27/06/2023;08:30;27/06/2023;16:30;vast contract;FALSE;;;;;;;
1331;28/06/2023;08:25;28/06/2023;16:30;vast contract;FALSE;;;;;;;
1332;29/06/2023;08:26;29/06/2023;16:38;vast contract;FALSE;;;;;;;
1333;30/06/2023;07:55;30/06/2023;16:50;vast contract;TRUE;;;;;;;
1334;03/07/2023;08:19;03/07/2023;16:24;vast contract;FALSE;;;;;;;
1335;04/07/2023;08:20;04/07/2023;17:02;vast contract;FALSE;;;;;;;
1336;05/07/2023;08:24;05/07/2023;16:27;vast contract;FALSE;;;;;;;
1337;06/07/2023;07:57;06/07/2023;16:11;vast contract;TRUE;;;;;;;
1338;07/07/2023;08:13;07/07/2023;16:34;vast contract;TRUE;;;;;;;
1339;10/07/2023;08:01;10/07/2023;16:06;vast contract;TRUE;;;;;;;
1340;11/07/2023;08:07;11/07/2023;16:59;vast contract;TRUE;;;;;;;
1341;12/07/2023;08:15;12/07/2023;16:17;vast contract;TRUE;;;;;;;
1342;13/07/2023;08:17;13/07/2023;16:30;vast contract;TRUE;;;;;;;
1343;14/07/2023;08:10;14/07/2023;16:11;vast contract;TRUE;;;;;;;
1344;17/07/2023;08:03;17/07/2023;16:10;vast contract;TRUE;;;;;;;
1345;18/07/2023;08:02;18/07/2023;16:02;vast contract;TRUE;;;;;;;
1346;19/07/2023;08:20;19/07/2023;16:27;vast contract;TRUE;;;;;;;
1347;20/07/2023;08:04;20/07/2023;09:30;vast contract;TRUE;;;;;;;
1348;20/07/2023;13:31;20/07/2023;16:58;vast contract;TRUE;;;;;;;
1349;20/07/2023;18:35;20/07/2023;21:33;vast contract;TRUE;;;;;;;
1350;24/07/2023;08:22;24/07/2023;17:48;vast contract;FALSE;;;;;;;
1351;25/07/2023;08:06;25/07/2023;16:49;vast contract;FALSE;;;;;;;
1352;26/07/2023;08:22;26/07/2023;16:44;vast contract;FALSE;;;;;;;
1353;27/07/2023;08:07;27/07/2023;16:11;vast contract;TRUE;;;;;;;
1354;28/07/2023;08:08;28/07/2023;16:39;vast contract;TRUE;;;;;;;
1355;01/08/2023;07:53;01/08/2023;17:19;vast contract;TRUE;;;;;;;
1356;01/08/2023;18:43;01/08/2023;19:13;vast contract;FALSE;;;;;;;
1357;02/08/2023;08:21;02/08/2023;16:39;vast contract;FALSE;;;;;;;
1358;03/08/2023;08:04;03/08/2023;16:13;vast contract;FALSE;;;;;;;
1359;04/08/2023;08:05;04/08/2023;16:18;vast contract;TRUE;;;;;;;
1360;07/08/2023;08:17;07/08/2023;16:20;vast contract;FALSE;;;;;;;
1361;08/08/2023;08:00;08/08/2023;17:08;vast contract;FALSE;;;;;;;
1362;09/08/2023;08:14;09/08/2023;16:20;vast contract;FALSE;;;;;;;
1363;10/08/2023;08:06;10/08/2023;16:36;vast contract;TRUE;;;;;;;
1364;11/08/2023;08:09;11/08/2023;16:20;vast contract;TRUE;;;;;;;
1365;14/08/2023;08:14;14/08/2023;16:15;vast contract;FALSE;;;;;;;
1366;16/08/2023;08:00;16/08/2023;16:07;vast contract;FALSE;;;;;;;
1367;17/08/2023;07:59;17/08/2023;16:09;vast contract;TRUE;;;;;;;
1368;18/08/2023;07:46;18/08/2023;17:17;vast contract;TRUE;;;;;;;
1369;21/08/2023;08:18;21/08/2023;16:40;vast contract;FALSE;;;;;;;
1370;22/08/2023;08:16;22/08/2023;16:16;vast contract;FALSE;;;;;;;
1371;23/08/2023;08:20;23/08/2023;16:24;vast contract;FALSE;;;;;;;
1372;24/08/2023;08:07;24/08/2023;16:33;vast contract;FALSE;;;;;;;
1373;25/08/2023;08:13;25/08/2023;16:29;vast contract;TRUE;;;;;;;
1374;28/08/2023;08:12;28/08/2023;16:20;vast contract;FALSE;;;;;;;
1375;29/08/2023;08:10;29/08/2023;16:16;vast contract;FALSE;;;;;;;
1376;30/08/2023;08:40;30/08/2023;16:40;vast contract;FALSE;;;;;;;
1377;31/08/2023;07:58;31/08/2023;16:08;vast contract;TRUE;;;;;;;
1378;01/09/2023;07:55;01/09/2023;15:58;vast contract;TRUE;;;;;;;
1379;04/09/2023;08:23;04/09/2023;16:39;vast contract;FALSE;;;;;;;
1380;05/09/2023;08:13;05/09/2023;16:53;vast contract;FALSE;;;;;;;
1381;06/09/2023;08:26;06/09/2023;16:49;vast contract;FALSE;;;;;;;
1382;07/09/2023;08:21;07/09/2023;10:40;vast contract;TRUE;;;;;;;
1383;07/09/2023;11:13;07/09/2023;11:53;vast contract;TRUE;;;;;;;
1384;07/09/2023;12:29;07/09/2023;12:36;vast contract;TRUE;;;;;;;
1385;07/09/2023;13:25;07/09/2023;17:01;vast contract;TRUE;;;;;;;
1386;07/09/2023;17:46;07/09/2023;19:16;vast contract;TRUE;;;;;;;
1387;08/09/2023;08:12;08/09/2023;16:41;vast contract;TRUE;;;;;;;
1388;11/09/2023;08:27;11/09/2023;16:27;vast contract;FALSE;;;;;;;
1389;12/09/2023;08:12;12/09/2023;16:37;vast contract;TRUE;;;;;;;
1390;14/09/2023;08:16;14/09/2023;17:20;vast contract;TRUE;;;;;;;
1391;15/09/2023;08:11;15/09/2023;16:23;vast contract;FALSE;;;;;;;
1392;19/09/2023;08:16;19/09/2023;16:24;vast contract;FALSE;;;;;;;
1393;20/09/2023;08:13;20/09/2023;16:26;vast contract;FALSE;;;;;;;
1394;21/09/2023;08:17;21/09/2023;16:29;vast contract;TRUE;;;;;;;
1395;22/09/2023;08:19;22/09/2023;16:42;vast contract;TRUE;;;;;;;
1396;26/09/2023;08:16;26/09/2023;16:41;vast contract;TRUE;;;;;;;
1397;28/09/2023;08:01;28/09/2023;14:22;vast contract;TRUE;;;;;;;
1398;28/09/2023;16:41;28/09/2023;16:54;vast contract;TRUE;;;;;;;
1399;28/09/2023;17:41;28/09/2023;19:17;vast contract;TRUE;;;;;;;
1400;29/09/2023;08:23;29/09/2023;17:23;vast contract;TRUE;;;;;;;
1401;29/09/2023;18:15;29/09/2023;19:53;vast contract;TRUE;;;;;;;
1402;03/10/2023;08:23;03/10/2023;16:25;vast contract;FALSE;;;;;;;
1403;04/10/2023;08:21;04/10/2023;16:46;vast contract;FALSE;;;;;;;
1404;05/10/2023;08:02;05/10/2023;16:43;vast contract;TRUE;;;;;;;
1405;06/10/2023;08:01;06/10/2023;17:22;vast contract;TRUE;;;;;;;
1406;06/10/2023;18:21;06/10/2023;22:48;vast contract;TRUE;;;;;;;
1407;10/10/2023;08:20;10/10/2023;16:44;vast contract;FALSE;;;;;;;
1408;11/10/2023;08:15;11/10/2023;16:45;vast contract;FALSE;;;;;;;
1409;12/10/2023;07:57;12/10/2023;17:20;vast contract;TRUE;;;;;;;
1410;13/10/2023;08:18;13/10/2023;16:49;vast contract;TRUE;;;;;;;
1411;17/10/2023;08:16;17/10/2023;17:02;vast contract;TRUE;;;;;;;
1412;18/10/2023;08:23;18/10/2023;10:50;vast contract;FALSE;;;;;;;
1413;18/10/2023;11:28;18/10/2023;12:18;vast contract;FALSE;;;;;;;
1414;18/10/2023;12:45;18/10/2023;12:50;vast contract;FALSE;;;;;;;
1415;18/10/2023;13:33;18/10/2023;16:28;vast contract;FALSE;;;;;;;
1416;19/10/2023;07:57;19/10/2023;16:59;vast contract;TRUE;;;;;;;
1417;20/10/2023;08:15;20/10/2023;16:44;vast contract;TRUE;;;;;;;
1418;24/10/2023;08:17;24/10/2023;16:17;vast contract;FALSE;;;;;;;
1419;26/10/2023;07:56;26/10/2023;16:12;vast contract;TRUE;;;;;;;
1420;27/10/2023;07:55;27/10/2023;18:05;vast contract;TRUE;;;;;;;
1421;31/10/2023;08:21;31/10/2023;16:51;vast contract;FALSE;;;;;;;
1422;02/11/2023;08:14;02/11/2023;16:58;vast contract;TRUE;;;;;;;
1423;03/11/2023;08:17;03/11/2023;16:54;vast contract;TRUE;;;;;;;
1424;07/11/2023;08:23;07/11/2023;16:50;vast contract;FALSE;;;;;;;
1425;09/11/2023;08:02;09/11/2023;16:05;vast contract;TRUE;;;;;;;
1426;10/11/2023;08:08;10/11/2023;16:10;vast contract;TRUE;;;;;;;
1427;14/11/2023;08:26;14/11/2023;16:55;vast contract;FALSE;;;;;;;
1428;15/11/2023;08:20;15/11/2023;16:28;vast contract;FALSE;;;;;;;
1429;16/11/2023;08:46;16/11/2023;16:43;vast contract;FALSE;;;;;;;
1430;17/11/2023;08:11;17/11/2023;16:36;vast contract;TRUE;;;;;;;
1431;20/11/2023;08:27;20/11/2023;16:29;vast contract;FALSE;;;;;;;
1432;21/11/2023;08:17;21/11/2023;16:23;vast contract;FALSE;;;;;;;
1433;22/11/2023;08:03;22/11/2023;16:05;vast contract;FALSE;;;;;;;
1434;23/11/2023;08:35;23/11/2023;16:34;vast contract;TRUE;;;;;;;
1435;24/11/2023;08:03;24/11/2023;16:17;vast contract;TRUE;;;;;;;
1436;28/11/2023;08:19;28/11/2023;16:28;vast contract;FALSE;;;;;;;
1437;29/11/2023;08:20;29/11/2023;16:52;vast contract;FALSE;;;;;;;
1438;30/11/2023;08:14;30/11/2023;09:30;vast contract;TRUE;;;;;;;
1439;30/11/2023;10:17;30/11/2023;11:16;vast contract;TRUE;;;;;;;
1440;30/11/2023;12:12;30/11/2023;16:46;vast contract;TRUE;;;;;;;
1441;01/12/2023;08:31;01/12/2023;16:45;vast contract;FALSE;;;;;;;
1442;05/12/2023;08:23;05/12/2023;16:25;vast contract;FALSE;;;;;;;
1443;06/12/2023;08:11;06/12/2023;16:33;vast contract;FALSE;;;;;;;
1444;07/12/2023;08:12;07/12/2023;16:24;vast contract;TRUE;;;;;;;
1445;08/12/2023;08:23;08/12/2023;17:08;vast contract;TRUE;;;;;;;
1446;12/12/2023;08:13;12/12/2023;16:22;vast contract;FALSE;;;;;;;
1447;13/12/2023;08:13;13/12/2023;16:20;vast contract;FALSE;;;;;;;
1448;14/12/2023;08:22;14/12/2023;16:24;vast contract;TRUE;;;;;;;
1449;15/12/2023;08:22;15/12/2023;17:05;vast contract;TRUE;;;;;;;
1450;19/12/2023;08:31;19/12/2023;16:48;vast contract;FALSE;;;;;;;
1451;20/12/2023;08:23;20/12/2023;17:16;vast contract;FALSE;;;;;;;
1452;21/12/2023;08:16;21/12/2023;17:07;vast contract;TRUE;;;;;;;
1453;21/12/2023;17:53;21/12/2023;19:07;vast contract;TRUE;;;;;;;
1454;22/12/2023;08:17;22/12/2023;17:07;vast contract;TRUE;;;;;;;
1455;26/12/2023;08:18;26/12/2023;16:21;vast contract;FALSE;;;;;;;
1456;27/12/2023;08:16;27/12/2023;16:20;vast contract;FALSE;;;;;;;
1457;02/01/2024;08:24;02/01/2024;16:45;vast contract;FALSE;;;;;;;
1458;03/01/2024;08:26;03/01/2024;16:37;vast contract;FALSE;;;;;;;
1459;08/01/2024;08:28;08/01/2024;14:49;vast contract;FALSE;;;;;;;
1460;09/01/2024;08:20;09/01/2024;17:07;vast contract;TRUE;;;;;;;
1461;10/01/2024;08:18;10/01/2024;16:35;vast contract;TRUE;;;;;;;
1462;11/01/2024;08:32;11/01/2024;17:12;vast contract;TRUE;;;;;;;
1463;12/01/2024;08:23;12/01/2024;16:45;vast contract;TRUE;;;;;;;
1464;15/01/2024;08:21;15/01/2024;16:23;vast contract;FALSE;;;;;;;
1465;16/01/2024;08:26;16/01/2024;16:27;vast contract;FALSE;;;;;;;
1466;18/01/2024;08:34;18/01/2024;16:46;vast contract;TRUE;;;;;;;
1467;19/01/2024;08:49;19/01/2024;08:57;vast contract;TRUE;;;;;;;
1468;19/01/2024;10:20;19/01/2024;16:54;vast contract;TRUE;;;;;;;
1469;22/01/2024;08:33;22/01/2024;16:47;vast contract;FALSE;;;;;;;
1470;23/01/2024;08:15;23/01/2024;16:21;vast contract;FALSE;;;;;;;
1471;24/01/2024;08:26;24/01/2024;17:09;vast contract;FALSE;;;;;;;
1472;25/01/2024;08:01;25/01/2024;16:30;vast contract;TRUE;;;;;;;
1473;26/01/2024;08:17;26/01/2024;16:37;vast contract;TRUE;;;;;;;
1474;29/01/2024;08:23;29/01/2024;16:27;vast contract;FALSE;;;;;;;
1475;30/01/2024;08:23;30/01/2024;16:38;vast contract;FALSE;;;;;;;
1476;31/01/2024;08:16;31/01/2024;16:21;vast contract;FALSE;;;;;;;
1477;01/02/2024;08:04;01/02/2024;16:21;vast contract;TRUE;;;;;;;
1478;05/02/2024;08:17;05/02/2024;16:56;vast contract;FALSE;;;;;;;
1479;06/02/2024;08:15;06/02/2024;17:04;vast contract;FALSE;;;;;;;
1480;07/02/2024;08:35;07/02/2024;18:12;vast contract;FALSE;;;;;;;
1481;08/02/2024;08:05;08/02/2024;17:49;vast contract;TRUE;;;;;;;
1482;09/02/2024;07:58;09/02/2024;17:16;vast contract;TRUE;;;;;;;
1483;12/02/2024;08:22;12/02/2024;16:32;vast contract;FALSE;;;;;;;
1484;13/02/2024;08:21;13/02/2024;16:24;vast contract;FALSE;;;;;;;
1485;14/02/2024;08:34;14/02/2024;16:35;vast contract;FALSE;;;;;;;
1486;15/02/2024;08:23;15/02/2024;16:30;vast contract;TRUE;;;;;;;
1487;16/02/2024;08:19;16/02/2024;16:52;vast contract;TRUE;;;;;;;
1488;19/02/2024;08:21;19/02/2024;16:21;vast contract;FALSE;;;;;;;
1489;20/02/2024;08:20;20/02/2024;16:41;vast contract;FALSE;;;;;;;
1490;21/02/2024;08:29;21/02/2024;16:55;vast contract;FALSE;;;;;;;
1491;22/02/2024;08:27;22/02/2024;18:31;vast contract;TRUE;;;;;;;
1492;23/02/2024;08:14;23/02/2024;18:53;vast contract;TRUE;;;;;;;
1493;23/02/2024;19:27;23/02/2024;23:14;vast contract;TRUE;;;;;;;
1494;26/02/2024;08:33;26/02/2024;19:46;vast contract;FALSE;;;;;;;
1495;27/02/2024;08:24;27/02/2024;17:41;vast contract;FALSE;;;;;;;
1496;27/02/2024;20:07;27/02/2024;21:55;vast contract;FALSE;;;;;;;
1497;28/02/2024;08:27;28/02/2024;18:06;vast contract;FALSE;;;;;;;
1498;28/02/2024;20:51;28/02/2024;22:27;vast contract;FALSE;;;;;;;
1499;29/02/2024;08:20;29/02/2024;19:20;vast contract;TRUE;;;;;;;
1500;29/02/2024;19:58;29/02/2024;22:29;vast contract;TRUE;;;;;;;
1501;01/03/2024;08:17;01/03/2024;18:34;vast contract;FALSE;;;;;;;
1502;01/03/2024;19:10;01/03/2024;20:21;vast contract;FALSE;;;;;;;
1503;04/03/2024;08:24;04/03/2024;16:48;vast contract;FALSE;;;;;;;
1504;05/03/2024;08:20;05/03/2024;16:25;vast contract;FALSE;;;;;;;
1505;06/03/2024;08:29;06/03/2024;16:31;vast contract;FALSE;;;;;;;
1506;07/03/2024;08:28;07/03/2024;16:31;vast contract;TRUE;;;;;;;
1507;08/03/2024;08:16;08/03/2024;16:39;vast contract;TRUE;;;;;;;
1508;12/03/2024;08:29;12/03/2024;16:29;vast contract;FALSE;;;;;;;
1509;13/03/2024;08:23;13/03/2024;16:23;vast contract;FALSE;;;;;;;
1510;14/03/2024;08:16;14/03/2024;16:53;vast contract;TRUE;;;;;;;
1511;15/03/2024;08:31;15/03/2024;16:58;vast contract;FALSE;;;;;;;
1512;18/03/2024;08:18;18/03/2024;16:23;vast contract;FALSE;;;;;;;
1513;19/03/2024;08:14;19/03/2024;16:26;vast contract;FALSE;;;;;;;
1514;20/03/2024;11:58;20/03/2024;16:51;vast contract;TRUE;Halve dag;;;;;;
1515;21/03/2024;08:14;21/03/2024;16:25;vast contract;TRUE;;;;;;;
1516;22/03/2024;08:14;22/03/2024;16:32;vast contract;TRUE;;;;;;;
1517;25/03/2024;08:24;25/03/2024;17:04;vast contract;FALSE;;;;;;;
1518;26/03/2024;08:29;26/03/2024;16:54;vast contract;FALSE;;;;;;;
1519;28/03/2024;08:31;28/03/2024;17:12;vast contract;TRUE;;;;;;;
1520;29/03/2024;08:26;29/03/2024;14:37;vast contract;TRUE;Halve dag;;;;;;
1521;02/04/2024;08:14;02/04/2024;16:40;vast contract;FALSE;;;;;;;
1522;04/04/2024;07:59;04/04/2024;16:41;vast contract;TRUE;;;;;;;
1523;05/04/2024;08:34;05/04/2024;16:36;vast contract;TRUE;;;;;;;
1524;08/04/2024;08:17;08/04/2024;16:17;vast contract;FALSE;;;;;;;
1525;09/04/2024;08:30;09/04/2024;17:05;vast contract;FALSE;;;;;;;
1526;10/04/2024;08:17;10/04/2024;16:44;vast contract;FALSE;;;;;;;
1527;11/04/2024;08:36;11/04/2024;16:48;vast contract;TRUE;;;;;;;
1528;12/04/2024;08:28;12/04/2024;17:01;vast contract;TRUE;;;;;;;
1529;16/04/2024;08:53;16/04/2024;18:48;vast contract;FALSE;;;;;;;
1530;17/04/2024;10:36;17/04/2024;17:29;vast contract;FALSE;;;;;;;
1531;18/04/2024;08:22;18/04/2024;17:01;vast contract;TRUE;;;;;;;
1532;19/04/2024;08:20;19/04/2024;16:56;vast contract;TRUE;;;;;;;
1533;22/04/2024;08:16;22/04/2024;16:06;vast contract;FALSE;;;;;;;
1534;22/04/2024;16:34;22/04/2024;17:09;vast contract;FALSE;;;;;;;
1535;23/04/2024;08:26;23/04/2024;16:44;vast contract;FALSE;;;;;;;
1536;24/04/2024;08:38;24/04/2024;17:20;vast contract;FALSE;;;;;;;
1537;25/04/2024;08:19;25/04/2024;17:40;vast contract;TRUE;;;;;;;
1538;26/04/2024;08:26;26/04/2024;16:55;vast contract;TRUE;;;;;;;
1539;29/04/2024;08:26;29/04/2024;18:00;vast contract;FALSE;;;;;;;
1540;30/04/2024;08:25;30/04/2024;15:37;vast contract;FALSE;;;;;;;
1541;30/04/2024;16:07;30/04/2024;16:43;vast contract;FALSE;;;;;;;
1542;30/04/2024;17:52;30/04/2024;18:53;vast contract;FALSE;;;;;;;
1543;02/05/2024;08:15;02/05/2024;16:25;vast contract;TRUE;;;;;;;
1544;03/05/2024;08:01;03/05/2024;17:16;vast contract;TRUE;;;;;;;
1545;06/05/2024;08:24;06/05/2024;16:25;vast contract;FALSE;;;;;;;
1546;07/05/2024;08:31;07/05/2024;16:55;vast contract;FALSE;;;;;;;
1547;08/05/2024;08:25;08/05/2024;16:36;vast contract;FALSE;;;;;;;
1548;10/05/2024;08:31;10/05/2024;16:44;vast contract;TRUE;;;;;;;
1549;13/05/2024;08:23;13/05/2024;17:03;vast contract;FALSE;;;;;;;
1550;14/05/2024;08:30;14/05/2024;16:41;vast contract;FALSE;;;;;;;
1551;16/05/2024;08:30;16/05/2024;16:31;vast contract;TRUE;;;;;;;
1552;16/05/2024;17:18;16/05/2024;22:24;vast contract;TRUE;;;;;;;
1553;17/05/2024;08:23;17/05/2024;17:13;vast contract;TRUE;;;;;;;
1554;17/05/2024;18:00;17/05/2024;22:41;vast contract;TRUE;;;;;;;
1555;21/05/2024;08:30;21/05/2024;16:51;vast contract;FALSE;;;;;;;
1556;22/05/2024;08:26;22/05/2024;16:31;vast contract;FALSE;;;;;;;
1557;23/05/2024;08:18;23/05/2024;17:00;vast contract;TRUE;;;;;;;
1558;24/05/2024;08:25;24/05/2024;17:20;vast contract;TRUE;;;;;;;
1559;27/05/2024;08:17;27/05/2024;16:25;vast contract;FALSE;;;;;;;
1560;28/05/2024;08:31;28/05/2024;16:29;vast contract;FALSE;;;;;;;
1561;30/05/2024;08:28;30/05/2024;17:06;vast contract;TRUE;;;;;;;
1562;31/05/2024;08:35;31/05/2024;16:31;vast contract;TRUE;;;;;;;
1563;03/06/2024;08:26;03/06/2024;16:37;vast contract;FALSE;;;;;;;
1564;04/06/2024;08:46;04/06/2024;16:43;vast contract;FALSE;;;;;;;
1565;05/06/2024;08:14;05/06/2024;16:21;vast contract;FALSE;;;;;;;
1566;06/06/2024;08:16;06/06/2024;16:42;vast contract;TRUE;;;;;;;
1567;07/06/2024;08:54;07/06/2024;17:41;vast contract;TRUE;;;;;;;
1568;11/06/2024;08:28;11/06/2024;16:28;vast contract;FALSE;;;;;;;
1569;12/06/2024;08:18;12/06/2024;16:19;vast contract;FALSE;;;;;;;
1570;13/06/2024;08:19;13/06/2024;16:24;vast contract;TRUE;;;;;;;
1571;14/06/2024;08:27;14/06/2024;16:54;vast contract;TRUE;;;;;;;
1572;17/06/2024;08:24;17/06/2024;17:18;vast contract;TRUE;;;;;;;
1573;17/06/2024;18:43;17/06/2024;21:04;vast contract;TRUE;;;;;;;
1574;18/06/2024;08:22;18/06/2024;17:05;vast contract;TRUE;;;;;;;
1575;19/06/2024;08:21;19/06/2024;17:05;vast contract;TRUE;;;;;;;
1576;20/06/2024;08:15;20/06/2024;17:19;vast contract;TRUE;;;;;;;
1577;21/06/2024;08:26;21/06/2024;17:38;vast contract;TRUE;;;;;;;
1578;24/06/2024;08:27;24/06/2024;16:52;vast contract;FALSE;;;;;;;
1579;25/06/2024;08:16;25/06/2024;16:21;vast contract;FALSE;;;;;;;
1580;26/06/2024;08:19;26/06/2024;17:17;vast contract;FALSE;;;;;;;
1581;26/06/2024;18:00;26/06/2024;19:50;vast contract;TRUE;;;;;;;
1582;27/06/2024;08:25;27/06/2024;16:29;vast contract;TRUE;;;;;;;
1583;28/06/2024;08:08;28/06/2024;16:56;vast contract;TRUE;;;;;;;
1584;01/07/2024;08:17;01/07/2024;16:18;vast contract;FALSE;;;;;;;
1585;02/07/2024;08:22;02/07/2024;16:50;vast contract;FALSE;;;;;;;
1586;03/07/2024;08:15;03/07/2024;16:16;vast contract;FALSE;;;;;;;
1587;04/07/2024;08:21;04/07/2024;17:47;vast contract;TRUE;;;;;;;
1588;05/07/2024;08:21;05/07/2024;16:26;vast contract;TRUE;;;;;;;
1589;08/07/2024;08:21;08/07/2024;16:41;vast contract;FALSE;;;;;;;
1590;09/07/2024;08:30;09/07/2024;16:29;vast contract;FALSE;;;;;;;
1591;10/07/2024;08:09;10/07/2024;16:35;vast contract;FALSE;;;;;;;
1592;11/07/2024;08:22;11/07/2024;16:07;vast contract;TRUE;;;;;;;
1593;12/07/2024;08:15;12/07/2024;18:33;vast contract;TRUE;;;;;;;
1594;15/07/2024;08:18;15/07/2024;16:50;vast contract;FALSE;;;;;;;
1595;16/07/2024;08:15;16/07/2024;16:27;vast contract;FALSE;;;;;;;
1596;17/07/2024;08:12;17/07/2024;16:46;vast contract;FALSE;;;;;;;
1597;18/07/2024;08:23;18/07/2024;16:49;vast contract;FALSE;;;;;;;
1598;19/07/2024;08:08;19/07/2024;16:19;vast contract;TRUE;;;;;;;
1599;22/07/2024;08:27;22/07/2024;17:01;vast contract;FALSE;;;;;;;
1600;24/07/2024;08:26;24/07/2024;08:44;vast contract;TRUE;;;;;;;
1601;24/07/2024;09:18;24/07/2024;09:59;vast contract;TRUE;;;;;;;
1602;24/07/2024;10:04;24/07/2024;10:15;vast contract;TRUE;;;;;;;
1603;24/07/2024;10:53;24/07/2024;17:56;vast contract;TRUE;;;;;;;
1604;25/07/2024;08:20;25/07/2024;16:55;vast contract;TRUE;;;;;;;
1605;25/07/2024;18:52;25/07/2024;20:33;vast contract;TRUE;;;;;;;
1606;26/07/2024;08:20;26/07/2024;16:50;vast contract;FALSE;;;;;;;
1607;29/07/2024;08:20;29/07/2024;16:24;vast contract;FALSE;;;;;;;
1608;30/07/2024;08:16;30/07/2024;16:28;vast contract;FALSE;;;;;;;
1609;31/07/2024;08:10;31/07/2024;16:55;vast contract;FALSE;;;;;;;
1610;01/08/2024;08:31;01/08/2024;16:31;vast contract;TRUE;;;;;;;
1611;02/08/2024;08:21;02/08/2024;17:18;vast contract;TRUE;;;;;;;
1612;05/08/2024;08:15;05/08/2024;16:47;vast contract;FALSE;;;;;;;
1613;06/08/2024;08:23;06/08/2024;19:44;vast contract;FALSE;;;;;;;
1614;07/08/2024;08:11;07/08/2024;18:22;vast contract;FALSE;;;;;;;
1615;08/08/2024;08:34;08/08/2024;17:11;vast contract;TRUE;;;;;;;
1616;08/08/2024;18:11;08/08/2024;23:24;vast contract;TRUE;;;;;;;
1617;09/08/2024;08:23;09/08/2024;16:34;vast contract;TRUE;;;;;;;
1618;12/08/2024;08:22;12/08/2024;16:57;vast contract;FALSE;;;;;;;
1619;13/08/2024;08:14;13/08/2024;17:07;vast contract;FALSE;;;;;;;
1620;16/08/2024;08:16;16/08/2024;16:48;vast contract;TRUE;;;;;;;
1621;19/08/2024;08:17;19/08/2024;16:20;vast contract;FALSE;;;;;;;
1622;21/08/2024;08:15;21/08/2024;17:05;vast contract;FALSE;;;;;;;
1623;22/08/2024;08:10;22/08/2024;16:15;vast contract;TRUE;;;;;;;
1624;23/08/2024;08:13;23/08/2024;16:53;vast contract;TRUE;;;;;;;
1625;26/08/2024;08:05;26/08/2024;16:52;vast contract;FALSE;;;;;;;
1626;27/08/2024;08:18;27/08/2024;16:30;vast contract;FALSE;;;;;;;
1627;28/08/2024;08:12;28/08/2024;16:58;vast contract;FALSE;;;;;;;
1628;29/08/2024;08:18;29/08/2024;16:32;vast contract;TRUE;;;;;;;
1629;30/08/2024;08:31;30/08/2024;17:23;vast contract;TRUE;;;;;;;
1630;30/08/2024;18:31;30/08/2024;20:07;vast contract;TRUE;;;;;;;
1631;02/09/2024;08:08;02/09/2024;16:50;vast contract;FALSE;;;;;;;
1632;04/09/2024;08:21;04/09/2024;17:04;vast contract;FALSE;;;;;;;
1633;05/09/2024;08:15;05/09/2024;17:57;vast contract;TRUE;;;;;;;
1634;05/09/2024;18:44;05/09/2024;21:30;vast contract;TRUE;;;;;;;
1635;06/09/2024;08:25;06/09/2024;16:37;vast contract;FALSE;;;;;;;
1636;09/09/2024;08:16;09/09/2024;16:56;vast contract;FALSE;;;;;;;
1637;10/09/2024;08:20;10/09/2024;17:04;vast contract;FALSE;;;;;;;
1638;11/09/2024;08:33;11/09/2024;16:34;vast contract;FALSE;;;;;;;
1639;12/09/2024;08:25;12/09/2024;17:05;vast contract;TRUE;;;;;;;
1640;13/09/2024;08:25;13/09/2024;17:37;vast contract;TRUE;;;;;;;
1641;16/09/2024;08:18;16/09/2024;17:09;vast contract;FALSE;;;;;;;
1642;17/09/2024;08:28;17/09/2024;17:05;vast contract;FALSE;;;;;;;
1643;18/09/2024;08:27;18/09/2024;16:40;vast contract;FALSE;;;;;;;
1644;19/09/2024;08:18;19/09/2024;16:38;vast contract;TRUE;;;;;;;
1645;20/09/2024;08:23;20/09/2024;17:22;vast contract;TRUE;;;;;;;
1646;24/09/2024;08:34;24/09/2024;16:51;vast contract;FALSE;;;;;;;
1647;25/09/2024;08:19;25/09/2024;16:29;vast contract;FALSE;;;;;;;
1648;26/09/2024;08:13;26/09/2024;16:25;vast contract;TRUE;;;;;;;
1649;27/09/2024;08:19;27/09/2024;16:59;vast contract;TRUE;;;;;;;
1650;01/10/2024;08:24;01/10/2024;16:27;vast contract;FALSE;;;;;;;
1651;02/10/2024;08:23;02/10/2024;16:24;vast contract;FALSE;;;;;;;
1652;03/10/2024;08:07;03/10/2024;16:27;vast contract;TRUE;;;;;;;
1653;04/10/2024;08:17;04/10/2024;17:26;vast contract;TRUE;;;;;;;
1654;07/10/2024;08:20;07/10/2024;16:23;vast contract;FALSE;;;;;;;
1655;07/10/2024;19:03;07/10/2024;22:12;vast contract;FALSE;;;;;;;
1656;08/10/2024;08:19;08/10/2024;16:55;vast contract;FALSE;;;;;;;
1657;09/10/2024;08:35;09/10/2024;12:07;vast contract;FALSE;;;;;;;
1658;09/10/2024;13:19;09/10/2024;16:44;vast contract;FALSE;;;;;;;
1659;10/10/2024;08:15;10/10/2024;16:48;vast contract;TRUE;;;;;;;
1660;11/10/2024;08:31;11/10/2024;17:14;vast contract;FALSE;;;;;;;
1661;14/10/2024;08:34;14/10/2024;16:59;vast contract;FALSE;;;;;;;
1662;15/10/2024;08:08;15/10/2024;16:52;vast contract;FALSE;;;;;;;
1663;16/10/2024;08:20;16/10/2024;16:50;vast contract;FALSE;;;;;;;
1664;17/10/2024;08:29;17/10/2024;17:27;vast contract;TRUE;;;;;;;
1665;17/10/2024;17:27;17/10/2024;17:27;vast contract;TRUE;;;;;;;
1666;18/10/2024;08:32;18/10/2024;17:08;vast contract;TRUE;;;;;;;
1667;22/10/2024;08:12;22/10/2024;16:35;vast contract;FALSE;;;;;;;
1668;23/10/2024;08:15;23/10/2024;16:46;vast contract;FALSE;;;;;;;
1669;24/10/2024;08:45;24/10/2024;17:13;vast contract;TRUE;;;;;;;
1670;25/10/2024;08:39;25/10/2024;17:06;vast contract;TRUE;;;;;;;
1671;28/10/2024;08:27;28/10/2024;17:16;vast contract;TRUE;;;;;;;
1672;29/10/2024;08:19;29/10/2024;17:15;vast contract;FALSE;;;;;;;
1673;30/10/2024;08:17;30/10/2024;16:43;vast contract;TRUE;;;;;;;
1674;31/10/2024;08:33;31/10/2024;16:48;vast contract;TRUE;;;;;;;
1675;31/10/2024;17:50;31/10/2024;21:24;vast contract;TRUE;;;;;;;
1676;05/11/2024;08:18;05/11/2024;17:22;vast contract;FALSE;;;;;;;
1677;06/11/2024;08:18;06/11/2024;16:57;vast contract;FALSE;;;;;;;
1678;07/11/2024;08:25;07/11/2024;17:34;vast contract;FALSE;;;;;;;
1679;08/11/2024;08:49;08/11/2024;15:27;vast contract;FALSE;;;;;;;
1680;12/11/2024;08:20;12/11/2024;16:56;vast contract;FALSE;;;;;;;
1681;13/11/2024;08:15;13/11/2024;17:05;vast contract;FALSE;;;;;;;
1682;14/11/2024;08:07;14/11/2024;16:49;vast contract;TRUE;;;;;;;
1683;15/11/2024;08:16;15/11/2024;17:11;vast contract;TRUE;;;;;;;
1684;19/11/2024;08:05;19/11/2024;16:52;vast contract;TRUE;;;;;;;
1685;20/11/2024;08:19;20/11/2024;17:08;vast contract;TRUE;;;;;;;
1686;21/11/2024;08:26;21/11/2024;17:02;vast contract;FALSE;;;;;;;
1687;22/11/2024;09:04;22/11/2024;15:34;vast contract;FALSE;;;;;;;
1688;25/11/2024;08:01;25/11/2024;16:19;vast contract;FALSE;;;;;;;
1689;26/11/2024;08:21;26/11/2024;14:27;vast contract;FALSE;;;;;;;
1690;26/11/2024;14:55;26/11/2024;17:11;vast contract;FALSE;;;;;;;
1691;27/11/2024;08:29;27/11/2024;16:52;vast contract;FALSE;;;;;;;
1692;28/11/2024;08:07;28/11/2024;18:02;vast contract;TRUE;;;;;;;
1693;29/11/2024;08:12;29/11/2024;16:28;vast contract;TRUE;;;;;;;
1694;04/12/2024;08:21;04/12/2024;16:59;vast contract;FALSE;;;;;;;
1695;05/12/2024;08:18;05/12/2024;18:00;vast contract;TRUE;;;;;;;
1696;06/12/2024;08:26;06/12/2024;17:25;vast contract;TRUE;;;;;;;
1697;10/12/2024;08:19;10/12/2024;16:36;vast contract;FALSE;;;;;;;
1698;11/12/2024;08:23;11/12/2024;17:30;vast contract;FALSE;;;;;;;
1699;12/12/2024;08:09;12/12/2024;17:05;vast contract;FALSE;;;;;;;
1700;13/12/2024;08:28;13/12/2024;16:57;vast contract;TRUE;;;;;;;
1701;18/12/2024;08:14;18/12/2024;10:34;vast contract;TRUE;;;;;;;
1702;18/12/2024;12:31;18/12/2024;17:19;vast contract;TRUE;;;;;;;
1703;18/12/2024;17:51;18/12/2024;22:10;vast contract;TRUE;;;;;;;
1704;24/12/2024;08:18;24/12/2024;16:39;vast contract;FALSE;;;;;;;
1705;30/12/2024;08:21;30/12/2024;16:34;vast contract;FALSE;;;;;;;
1706;31/12/2024;08:14;31/12/2024;16:22;vast contract;FALSE;;;;;;;
1707;02/01/2025;08:31;02/01/2025;16:33;vast contract;TRUE;;;;;;;
1708;03/01/2025;08:46;03/01/2025;16:46;vast contract;TRUE;;;;;;;
1709;06/01/2025;08:17;06/01/2025;16:33;vast contract;FALSE;;;;;;;
1710;07/01/2025;08:40;07/01/2025;16:43;vast contract;FALSE;;;;;;;
1711;08/01/2025;08:25;08/01/2025;16:26;vast contract;FALSE;;;;;;;
1712;09/01/2025;08:14;09/01/2025;16:17;vast contract;TRUE;;;;;;;
1713;10/01/2025;08:23;10/01/2025;16:35;vast contract;TRUE;;;;;;;
1714;13/01/2025;08:16;13/01/2025;16:21;vast contract;TRUE;;;;;;;
1715;14/01/2025;08:19;14/01/2025;16:40;vast contract;TRUE;;;;;;;
1716;15/01/2025;08:19;15/01/2025;16:30;vast contract;FALSE;;;;;;;
1717;16/01/2025;08:27;16/01/2025;16:36;vast contract;FALSE;;;;;;;
1718;17/01/2025;08:27;17/01/2025;17:06;vast contract;FALSE;;;;;;;
1719;20/01/2025;08:17;20/01/2025;16:22;vast contract;FALSE;;;;;;;
1720;21/01/2025;08:24;21/01/2025;16:31;vast contract;FALSE;;;;;;;
1721;23/01/2025;08:30;23/01/2025;16:52;vast contract;FALSE;;;;;;;
1722;24/01/2025;08:18;24/01/2025;16:51;vast contract;TRUE;;;;;;;
1723;28/01/2025;08:24;28/01/2025;17:26;vast contract;TRUE;;;;;;;
1724;28/01/2025;18:34;28/01/2025;22:17;vast contract;TRUE;;;;;;;
1725;29/01/2025;08:40;29/01/2025;16:59;vast contract;TRUE;;;;;;;
1726;30/01/2025;08:32;30/01/2025;16:39;vast contract;TRUE;;;;;;;
1727;31/01/2025;08:30;31/01/2025;16:48;vast contract;FALSE;;;;;;;
1728;03/02/2025;08:12;03/02/2025;16:28;vast contract;TRUE;;;;;;;
1729;04/02/2025;08:24;04/02/2025;17:01;vast contract;TRUE;;;;;;;
1730;05/02/2025;08:23;05/02/2025;16:32;vast contract;TRUE;;;;;;;
1731;06/02/2025;08:14;06/02/2025;16:29;vast contract;TRUE;;;;;;;
1732;07/02/2025;08:25;07/02/2025;16:54;vast contract;TRUE;;;;;;;
1733;10/02/2025;08:21;10/02/2025;14:29;vast contract;FALSE;;;;;;;
1734;10/02/2025;14:51;10/02/2025;16:33;vast contract;FALSE;;;;;;;
1735;11/02/2025;08:32;11/02/2025;17:06;vast contract;FALSE;;;;;;;
1736;12/02/2025;08:21;12/02/2025;16:46;vast contract;FALSE;;;;;;;
1737;13/02/2025;08:34;13/02/2025;17:16;vast contract;TRUE;;;;;;;
1738;14/02/2025;08:42;14/02/2025;10:14;vast contract;FALSE;;;;;;;
1739;14/02/2025;10:44;14/02/2025;17:06;vast contract;FALSE;;;;;;;
1740;17/02/2025;08:17;17/02/2025;16:55;vast contract;FALSE;;;;;;;
1741;18/02/2025;08:17;18/02/2025;17:18;vast contract;FALSE;;;;;;;
1742;19/02/2025;08:18;19/02/2025;16:23;vast contract;FALSE;;;;;;;
1743;20/02/2025;08:22;20/02/2025;17:08;vast contract;TRUE;;;;;;;
1744;21/02/2025;08:28;21/02/2025;17:18;vast contract;TRUE;;;;;;;
1745;21/02/2025;18:29;21/02/2025;21:52;vast contract;TRUE;;;;;;;
1746;25/02/2025;08:42;25/02/2025;16:50;vast contract;FALSE;;;;;;;
1747;26/02/2025;08:24;26/02/2025;16:06;vast contract;FALSE;;;;;;;
1748;26/02/2025;17:54;26/02/2025;18:15;vast contract;FALSE;;;;;;;
1749;27/02/2025;08:28;27/02/2025;16:58;vast contract;TRUE;;;;;;;
1750;27/02/2025;18:43;27/02/2025;19:50;vast contract;TRUE;;;;;;;
1751;28/02/2025;08:04;28/02/2025;17:18;vast contract;TRUE;;;;;;;
1752;28/02/2025;18:10;28/02/2025;20:42;vast contract;TRUE;;;;;;;
1753;03/03/2025;08:21;03/03/2025;17:13;vast contract;FALSE;;;;;;;
1754;04/03/2025;08:19;04/03/2025;16:38;vast contract;FALSE;;;;;;;
1755;05/03/2025;08:16;05/03/2025;16:43;vast contract;FALSE;;;;;;;
1756;06/03/2025;08:08;06/03/2025;17:03;vast contract;TRUE;;;;;;;
1757;06/03/2025;21:25;07/03/2025;01:40;vast contract;TRUE;;;;;;;
1758;07/03/2025;09:52;07/03/2025;16:51;vast contract;TRUE;;;;;;;
1759;10/03/2025;08:18;10/03/2025;17:23;vast contract;FALSE;;;;;;;
1760;11/03/2025;08:11;11/03/2025;16:45;vast contract;FALSE;;;;;;;
1761;12/03/2025;08:43;12/03/2025;17:01;vast contract;FALSE;;;;;;;
1762;13/03/2025;08:21;13/03/2025;17:18;vast contract;TRUE;;;;;;;
1763;13/03/2025;17:58;13/03/2025;21:36;vast contract;TRUE;;;;;;;
1764;14/03/2025;08:27;14/03/2025;17:28;vast contract;TRUE;;;;;;;
1765;14/03/2025;18:35;14/03/2025;21:47;vast contract;TRUE;;;;;;;
1766;17/03/2025;08:22;17/03/2025;17:02;vast contract;FALSE;;;;;;;
1767;18/03/2025;08:14;18/03/2025;17:05;vast contract;FALSE;;;;;;;
1768;20/03/2025;08:06;20/03/2025;17:05;vast contract;TRUE;;;;;;;
1769;21/03/2025;08:04;21/03/2025;15:32;vast contract;TRUE;;;;;;;
1770;25/03/2025;08:20;25/03/2025;16:50;vast contract;FALSE;;;;;;;
1771;26/03/2025;08:24;26/03/2025;16:26;vast contract;FALSE;;;;;;;
1772;27/03/2025;08:10;27/03/2025;16:47;vast contract;TRUE;;;;;;;
1773;28/03/2025;08:10;28/03/2025;16:15;vast contract;TRUE;;;;;;;
1774;01/04/2025;08:17;01/04/2025;16:29;vast contract;FALSE;;;;;;;
1775;02/04/2025;08:21;02/04/2025;17:02;vast contract;FALSE;;;;;;;
1776;03/04/2025;08:21;03/04/2025;17:05;vast contract;TRUE;;;;;;;
1777;04/04/2025;08:29;04/04/2025;17:16;vast contract;TRUE;;;;;;;
1778;04/04/2025;18:37;04/04/2025;19:17;vast contract;TRUE;;;;;;;
1779;07/04/2025;08:19;07/04/2025;16:21;vast contract;FALSE;;;;;;;
1780;08/04/2025;08:22;08/04/2025;16:27;vast contract;FALSE;;;;;;;
1781;09/04/2025;08:08;09/04/2025;16:12;vast contract;FALSE;;;;;;;
1782;10/04/2025;08:15;10/04/2025;16:38;vast contract;TRUE;;;;;;;
1783;11/04/2025;08:18;11/04/2025;16:31;vast contract;TRUE;;;;;;;
1784;14/04/2025;08:17;14/04/2025;17:00;vast contract;FALSE;;;;;;;
1785;15/04/2025;08:21;15/04/2025;16:50;vast contract;FALSE;;;;;;;
1786;16/04/2025;08:13;16/04/2025;16:48;vast contract;FALSE;;;;;;;
1787;17/04/2025;08:09;17/04/2025;16:24;vast contract;TRUE;;;;;;;
1788;18/04/2025;08:19;18/04/2025;16:59;vast contract;TRUE;;;;;;;
1789;22/04/2025;08:16;22/04/2025;16:23;vast contract;FALSE;;;;;;;
1790;23/04/2025;08:11;23/04/2025;12:11;vast contract;FALSE;Halve dag;;;;;;
1791;24/04/2025;08:14;24/04/2025;16:20;vast contract;TRUE;;;;;;;
1792;25/04/2025;08:12;25/04/2025;17:17;vast contract;FALSE;;;;;;;
1793;25/04/2025;18:49;26/04/2025;02:22;vast contract;FALSE;;;;;;;
1794;28/04/2025;08:14;28/04/2025;16:14;vast contract;FALSE;;;;;;;
1795;29/04/2025;08:06;29/04/2025;16:23;vast contract;FALSE;;;;;;;
1796;30/04/2025;08:10;30/04/2025;16:25;vast contract;FALSE;;;;;;;
1797;02/05/2025;08:21;02/05/2025;17:22;vast contract;TRUE;;;;;;;
1798;02/05/2025;18:20;02/05/2025;23:18;vast contract;TRUE;;;;;;;
1799;05/05/2025;08:16;05/05/2025;16:22;vast contract;FALSE;;;;;;;
1800;06/05/2025;08:26;06/05/2025;16:34;vast contract;TRUE;;;;;;;
1801;07/05/2025;08:15;07/05/2025;16:34;vast contract;FALSE;;;;;;;
1802;08/05/2025;08:25;08/05/2025;16:53;vast contract;TRUE;;;;;;;
1803;09/05/2025;08:37;09/05/2025;17:10;vast contract;TRUE;;;;;;;
1804;12/05/2025;08:19;12/05/2025;16:25;vast contract;FALSE;;;;;;;
1805;13/05/2025;08:09;13/05/2025;16:40;vast contract;FALSE;;;;;;;
1806;14/05/2025;08:17;14/05/2025;16:23;vast contract;FALSE;;;;;;;
1807;15/05/2025;08:29;15/05/2025;17:00;vast contract;TRUE;;;;;;;
1808;16/05/2025;08:27;16/05/2025;17:23;vast contract;TRUE;;;;;;;
1809;19/05/2025;09:39;19/05/2025;16:57;vast contract;FALSE;Opleiding Fabric;;;;;;
1810;19/05/2025;19:29;19/05/2025;22:16;vast contract;FALSE;Opleiding Fabric;;;;;;
1811;20/05/2025;09:16;20/05/2025;16:55;vast contract;FALSE;Opleiding Fabric;;;;;;
1812;20/05/2025;19:09;20/05/2025;21:38;vast contract;FALSE;Opleiding Fabric;;;;;;
1813;21/05/2025;08:49;21/05/2025;17:09;vast contract;FALSE;Opleiding Fabric;;;;;;
1814;21/05/2025;19:37;21/05/2025;21:26;vast contract;FALSE;Opleiding Fabric;;;;;;
1815;22/05/2025;09:03;22/05/2025;17:04;vast contract;FALSE;Opleiding Fabric;;;;;;
1816;22/05/2025;19:30;22/05/2025;23:01;vast contract;FALSE;Opleiding Fabric;;;;;;
1817;23/05/2025;09:17;23/05/2025;16:31;vast contract;FALSE;Opleiding Fabric;;;;;;
1818;23/05/2025;18:53;23/05/2025;19:48;vast contract;FALSE;Opleiding Fabric;;;;;;
1819;26/05/2025;08:19;26/05/2025;16:52;vast contract;FALSE;;;;;;;
1820;28/05/2025;08:18;28/05/2025;16:20;vast contract;FALSE;;;;;;;
1821;30/05/2025;08:37;30/05/2025;16:45;vast contract;TRUE;;;;;;;
1822;02/06/2025;08:16;02/06/2025;16:38;vast contract;FALSE;;;;;;;
1823;03/06/2025;08:17;03/06/2025;16:24;vast contract;FALSE;;;;;;;
1824;04/06/2025;08:16;04/06/2025;16:39;vast contract;FALSE;;;;;;;
1825;05/06/2025;07:59;05/06/2025;16:56;vast contract;TRUE;;;;;;;
1826;06/06/2025;08:05;06/06/2025;16:59;vast contract;TRUE;;;;;;;
1827;06/06/2025;19:06;06/06/2025;23:21;vast contract;TRUE;;;;;;;
1828;10/06/2025;08:19;10/06/2025;16:24;vast contract;FALSE;;;;;;;
1829;11/06/2025;08:11;11/06/2025;16:47;vast contract;FALSE;;;;;;;
1830;12/06/2025;08:02;12/06/2025;17:11;vast contract;TRUE;;;;;;;
1831;13/06/2025;08:20;13/06/2025;17:19;vast contract;TRUE;;;;;;;
1832;13/06/2025;18:02;14/06/2025;00:24;vast contract;TRUE;;;;;;;
1833;16/06/2025;08:16;16/06/2025;16:24;vast contract;FALSE;;;;;;;
1834;17/06/2025;08:06;17/06/2025;16:40;vast contract;FALSE;;;;;;;
1835;18/06/2025;07:51;18/06/2025;09:08;vast contract;FALSE;;;;;;;
1836;18/06/2025;11:00;18/06/2025;17:06;vast contract;FALSE;;;;;;;
1837;23/06/2025;08:10;23/06/2025;16:58;vast contract;FALSE;;;;;;;
1838;24/06/2025;08:05;24/06/2025;16:28;vast contract;FALSE;;;;;;;
1839;25/06/2025;08:10;25/06/2025;16:27;vast contract;FALSE;;;;;;;
1840;26/06/2025;08:20;26/06/2025;16:46;vast contract;TRUE;;;;;;;
1841;27/06/2025;08:34;27/06/2025;16:37;vast contract;FALSE;;;;;;;
1842;30/06/2025;08:12;30/06/2025;17:08;vast contract;FALSE;;;;;;;
1843;01/07/2025;08:03;01/07/2025;16:25;vast contract;FALSE;;;;;;;
1844;02/07/2025;08:09;02/07/2025;16:42;vast contract;FALSE;;;;;;;
1845;04/07/2025;08:29;04/07/2025;16:54;vast contract;FALSE;;;;;;;
1846;04/07/2025;18:17;04/07/2025;23:02;vast contract;FALSE;;;;;;;
1847;07/07/2025;08:01;07/07/2025;08:34;vast contract;FALSE;;;;;;;
1848;07/07/2025;08:58;07/07/2025;16:59;vast contract;FALSE;;;;;;;
1849;08/07/2025;08:15;08/07/2025;16:40;vast contract;FALSE;;;;;;;
1850;09/07/2025;08:13;09/07/2025;16:45;vast contract;FALSE;;;;;;;
1851;10/07/2025;08:18;10/07/2025;16:43;vast contract;TRUE;;;;;;;
1852;11/07/2025;08:17;11/07/2025;16:55;vast contract;TRUE;;;;;;;
1853;15/07/2025;08:17;15/07/2025;16:35;vast contract;FALSE;;;;;;;
1854;16/07/2025;08:05;16/07/2025;16:14;vast contract;FALSE;;;;;;;
1855;17/07/2025;08:04;17/07/2025;16:08;vast contract;TRUE;;;;;;;
1856;18/07/2025;08:17;18/07/2025;16:35;vast contract;TRUE;;;;;;;
1857;22/07/2025;08:14;22/07/2025;16:56;vast contract;FALSE;;;;;;;
1858;23/07/2025;08:08;23/07/2025;14:19;vast contract;TRUE;;;;;;;
1859;23/07/2025;14:46;23/07/2025;17:20;vast contract;TRUE;;;;;;;
1860;23/07/2025;17:59;23/07/2025;22:26;vast contract;TRUE;;;;;;;
1861;25/07/2025;07:45;25/07/2025;17:14;vast contract;TRUE;;;;;;;
1862;28/07/2025;08:13;28/07/2025;16:25;vast contract;FALSE;;;;;;;
1863;29/07/2025;08:08;29/07/2025;16:49;vast contract;FALSE;;;;;;;
1864;30/07/2025;08:10;30/07/2025;16:23;vast contract;FALSE;;;;;;;
1865;31/07/2025;08:11;31/07/2025;16:42;vast contract;TRUE;;;;;;;
1866;01/08/2025;08:08;01/08/2025;17:09;vast contract;TRUE;;;;;;;
1867;01/08/2025;18:08;01/08/2025;22:25;vast contract;TRUE;;;;;;;
1868;04/08/2025;08:13;04/08/2025;16:24;vast contract;FALSE;;;;;;;
1869;05/08/2025;08:15;05/08/2025;17:11;vast contract;FALSE;;;;;;;
1870;06/08/2025;08:12;06/08/2025;17:32;vast contract;FALSE;;;;;;;
1871;06/08/2025;18:33;06/08/2025;20:53;vast contract;FALSE;;;;;;;
1872;07/08/2025;10:38;07/08/2025;16:47;vast contract;TRUE;;;;;;;
1873;08/08/2025;07:51;08/08/2025;17:09;vast contract;TRUE;;;;;;;
1874;08/08/2025;18:05;08/08/2025;20:52;vast contract;TRUE;;;;;;;
1875;11/08/2025;08:17;11/08/2025;17:18;vast contract;FALSE;;;;;;;
1876;11/08/2025;18:09;11/08/2025;21:32;vast contract;FALSE;;;;;;;
1877;12/08/2025;08:20;12/08/2025;16:59;vast contract;FALSE;;;;;;;
1878;12/08/2025;18:33;12/08/2025;22:37;vast contract;FALSE;;;;;;;
1879;13/08/2025;08:15;13/08/2025;17:12;vast contract;FALSE;;;;;;;
1880;13/08/2025;19:25;13/08/2025;22:44;vast contract;FALSE;;;;;;;
1881;14/08/2025;08:12;14/08/2025;17:16;vast contract;TRUE;;;;;;;
1882;14/08/2025;18:28;15/08/2025;01:20;vast contract;TRUE;;;;;;;
1883;15/08/2025;12:20;15/08/2025;17:21;vast contract;TRUE;Feestdag;;;;;;
1884;15/08/2025;18:21;16/08/2025;01:47;vast contract;TRUE;Feestdag;;;;;;
1885;16/08/2025;12:49;16/08/2025;14:18;vast contract;FALSE;Weekend;;;;;;
1886;16/08/2025;18:36;17/08/2025;01:11;vast contract;FALSE;Weekend;;;;;;
1887;17/08/2025;12:57;17/08/2025;17:27;vast contract;FALSE;Weekend;;;;;;
1888;17/08/2025;18:21;17/08/2025;22:48;vast contract;FALSE;Weekend;;;;;;
1889;18/08/2025;08:26;18/08/2025;17:35;vast contract;FALSE;;;;;;;
1890;21/08/2025;08:28;21/08/2025;16:32;vast contract;TRUE;;;;;;;
1891;22/08/2025;08:22;22/08/2025;16:45;vast contract;TRUE;;;;;;;
1892;25/08/2025;08:19;25/08/2025;16:26;vast contract;FALSE;;;;;;;
1893;26/08/2025;08:14;26/08/2025;16:20;vast contract;FALSE;;;;;;;
1894;27/08/2025;08:16;27/08/2025;16:16;vast contract;FALSE;;;;;;;
1895;28/08/2025;08:21;28/08/2025;16:26;vast contract;TRUE;;;;;;;
1896;29/08/2025;08:30;29/08/2025;18:01;vast contract;TRUE;;;;;;;
1897;29/08/2025;18:45;29/08/2025;20:48;vast contract;TRUE;;;;;;;
1898;01/09/2025;08:35;01/09/2025;16:52;vast contract;FALSE;;;;;;;
1899;02/09/2025;08:20;02/09/2025;15:32;vast contract;FALSE;;;;;;;
1900;02/09/2025;16:00;02/09/2025;17:16;vast contract;FALSE;;;;;;;
1901;02/09/2025;18:02;02/09/2025;19:44;vast contract;FALSE;;;;;;;
1902;04/09/2025;08:16;04/09/2025;16:51;vast contract;TRUE;;;;;;;
1903;04/09/2025;18:11;04/09/2025;21:18;vast contract;TRUE;;;;;;;
1904;05/09/2025;10:22;05/09/2025;16:54;vast contract;TRUE;;;;;;;
1905;08/09/2025;08:15;08/09/2025;17:41;vast contract;FALSE;;;;;;;
1906;09/09/2025;08:22;09/09/2025;17:01;vast contract;FALSE;;;;;;;
1907;10/09/2025;08:10;10/09/2025;16:36;vast contract;FALSE;;;;;;;
1908;11/09/2025;08:15;11/09/2025;17:09;vast contract;TRUE;;;;;;;
1909;12/09/2025;08:30;12/09/2025;17:10;vast contract;TRUE;;;;;;;
1910;15/09/2025;08:22;15/09/2025;17:17;vast contract;FALSE;;;;;;;
1911;16/09/2025;08:16;16/09/2025;16:45;vast contract;FALSE;;;;;;;
1912;17/09/2025;08:09;17/09/2025;16:29;vast contract;FALSE;;;;;;;
1913;18/09/2025;08:32;18/09/2025;17:08;vast contract;TRUE;;;;;;;
1914;18/09/2025;17:46;18/09/2025;21:05;vast contract;TRUE;;;;;;;
1915;19/09/2025;08:19;19/09/2025;17:01;vast contract;TRUE;;;;;;;
1916;22/09/2025;08:14;22/09/2025;16:23;vast contract;FALSE;;;;;;;
1917;23/09/2025;08:23;23/09/2025;16:40;vast contract;FALSE;;;;;;;
1918;24/09/2025;08:20;24/09/2025;16:48;vast contract;FALSE;;;;;;;
1919;25/09/2025;08:12;25/09/2025;17:28;vast contract;FALSE;;;;;;;
1920;26/09/2025;08:14;26/09/2025;16:19;vast contract;TRUE;;;;;;;
1921;29/09/2025;08:16;29/09/2025;16:25;vast contract;FALSE;;;;;;;
1922;30/09/2025;08:12;30/09/2025;16:33;vast contract;FALSE;;;;;;;
1923;01/10/2025;08:25;01/10/2025;17:52;vast contract;FALSE;;;;;;;
1924;02/10/2025;08:18;02/10/2025;17:04;vast contract;TRUE;;;;;;;
1925;03/10/2025;08:19;03/10/2025;16:34;vast contract;FALSE;;;;;;;
1926;06/10/2025;08:22;06/10/2025;16:32;vast contract;TRUE;;;;;;;
1927;07/10/2025;08:29;07/10/2025;16:41;vast contract;TRUE;;;;;;;
1928;07/10/2025;18:05;07/10/2025;19:55;vast contract;TRUE;;;;;;;
1929;08/10/2025;08:21;08/10/2025;16:55;vast contract;FALSE;;;;;;;
1930;09/10/2025;08:30;09/10/2025;17:21;vast contract;TRUE;;;;;;;
1931;10/10/2025;08:24;10/10/2025;17:11;vast contract;FALSE;;;;;;;
1932;13/10/2025;08:21;13/10/2025;16:36;vast contract;FALSE;;;;;;;
1933;15/10/2025;08:24;15/10/2025;17:22;vast contract;FALSE;;;;;;;
1934;16/10/2025;08:06;16/10/2025;17:01;vast contract;TRUE;;;;;;;
1935;16/10/2025;19:39;17/10/2025;00:12;vast contract;TRUE;;;;;;;
1936;17/10/2025;08:13;17/10/2025;16:33;vast contract;TRUE;;;;;;;
1937;21/10/2025;08:08;21/10/2025;17:11;vast contract;FALSE;;;;;;;
1938;22/10/2025;08:14;22/10/2025;16:44;vast contract;FALSE;;;;;;;
1939;23/10/2025;08:15;23/10/2025;17:03;vast contract;TRUE;;;;;;;
1940;24/10/2025;08:21;24/10/2025;18:41;vast contract;TRUE;;;;;;;
1941;28/10/2025;08:15;28/10/2025;16:54;vast contract;FALSE;;;;;;;
1942;29/10/2025;08:15;29/10/2025;16:43;vast contract;FALSE;;;;;;;
1943;30/10/2025;08:03;30/10/2025;16:34;vast contract;TRUE;;;;;;;
1944;31/10/2025;08:11;31/10/2025;17:01;vast contract;TRUE;;;;;;;
1945;04/11/2025;08:12;04/11/2025;16:14;vast contract;FALSE;;;;;;;
1946;05/11/2025;08:27;05/11/2025;16:38;vast contract;FALSE;;;;;;;
1947;06/11/2025;08:20;06/11/2025;16:20;vast contract;FALSE;;;;;;;
1948;06/11/2025;18:27;06/11/2025;20:53;vast contract;FALSE;;;;;;;
1949;07/11/2025;09:57;07/11/2025;17:04;vast contract;TRUE;;;;;;;
1950;12/11/2025;08:14;12/11/2025;16:29;vast contract;FALSE;;;;;;;
1951;13/11/2025;07:58;13/11/2025;17:03;vast contract;TRUE;;;;;;;
1952;14/11/2025;08:06;14/11/2025;16:56;vast contract;TRUE;;;;;;;
1953;18/11/2025;08:17;18/11/2025;16:43;vast contract;FALSE;;;;;;;
1954;19/11/2025;08:14;19/11/2025;15:15;vast contract;FALSE;;;;;;;
1955;19/11/2025;16:07;19/11/2025;17:17;vast contract;FALSE;;;;;;;
1956;19/11/2025;18:00;19/11/2025;18:51;vast contract;FALSE;;;;;;;
1957;20/11/2025;08:16;20/11/2025;16:22;vast contract;TRUE;;;;;;;
1958;21/11/2025;08:17;21/11/2025;16:26;vast contract;TRUE;;;;;;;
1959;25/11/2025;08:20;25/11/2025;17:08;vast contract;FALSE;;;;;;;
1960;26/11/2025;08:21;26/11/2025;17:41;vast contract;FALSE;;;;;;;
1961;27/11/2025;08:20;27/11/2025;16:44;vast contract;TRUE;;;;;;;
1962;28/11/2025;08:23;28/11/2025;12:17;vast contract;FALSE;;;;;;;
1963;02/12/2025;08:16;02/12/2025;17:05;vast contract;FALSE;;;;;;;
1964;03/12/2025;08:16;03/12/2025;16:39;vast contract;FALSE;;;;;;;
1965;03/12/2025;20:35;03/12/2025;23:58;vast contract;FALSE;;;;;;;
1966;04/12/2025;08:27;04/12/2025;17:28;vast contract;TRUE;;;;;;;
1967;05/12/2025;08:21;05/12/2025;16:21;vast contract;TRUE;;;;;;;
1968;09/12/2025;08:19;09/12/2025;16:35;vast contract;FALSE;;;;;;;
1969;10/12/2025;08:18;10/12/2025;17:26;vast contract;FALSE;;;;;;;
1970;11/12/2025;08:16;11/12/2025;17:36;vast contract;TRUE;;;;;;;
1971;12/12/2025;08:28;12/12/2025;17:11;vast contract;TRUE;;;;;;;
1972;16/12/2025;08:11;16/12/2025;17:00;vast contract;FALSE;;;;;;;
1973;17/12/2025;08:32;17/12/2025;11:09;vast contract;TRUE;;;;;;;
1974;17/12/2025;11:51;17/12/2025;12:22;vast contract;TRUE;;;;;;;
1975;17/12/2025;13:40;17/12/2025;18:29;vast contract;TRUE;;;;;;;
1976;19/12/2025;08:29;19/12/2025;16:56;vast contract;TRUE;;;;;;;
1977;23/12/2025;08:11;23/12/2025;16:31;vast contract;FALSE;;;;;;;
1978;24/12/2025;11:58;24/12/2025;16:54;vast contract;FALSE;Halve dag;;;;;;
1979;26/12/2025;08:26;26/12/2025;18:00;vast contract;TRUE;;;;;;;
1980;02/01/2026;08:15;02/01/2026;18:52;vast contract;TRUE;;;;;;;
1981;05/01/2026;08:17;05/01/2026;17:14;vast contract;TRUE;;;;;;;
1982;06/01/2026;08:24;06/01/2026;17:30;vast contract;TRUE;;;;;;;
1983;07/01/2026;08:10;07/01/2026;19:22;vast contract;TRUE;;;;;;;
1984;08/01/2026;11:00;08/01/2026;17:16;vast contract;TRUE;;;;;;;
1985;09/01/2026;08:27;09/01/2026;17:05;vast contract;TRUE;;;;;;;
1986;13/01/2026;08:16;13/01/2026;17:02;vast contract;FALSE;;;;;;;
1987;14/01/2026;08:20;14/01/2026;17:23;vast contract;FALSE;;;;;;;
1988;15/01/2026;08:19;15/01/2026;16:55;vast contract;TRUE;;;;;;;
1989;16/01/2026;08:23;16/01/2026;21:03;vast contract;TRUE;;;;;;;
1990;19/01/2026;08:22;19/01/2026;17:02;vast contract;FALSE;;;;;;;
1991;20/01/2026;08:18;20/01/2026;16:28;vast contract;FALSE;;;;;;;
1992;21/01/2026;08:14;21/01/2026;16:22;vast contract;FALSE;;;;;;;
1993;22/01/2026;08:22;22/01/2026;17:00;vast contract;TRUE;;;;;;;
1994;23/01/2026;08:26;23/01/2026;17:39;vast contract;TRUE;;;;;;;
1995;26/01/2026;08:23;26/01/2026;16:44;vast contract;FALSE;;;;;;;
1996;28/01/2026;08:19;28/01/2026;16:36;vast contract;FALSE;;;;;;;
1997;29/01/2026;08:33;29/01/2026;16:34;vast contract;TRUE;;;;;;;
1998;30/01/2026;08:25;30/01/2026;18:09;vast contract;TRUE;;;;;;;
1999;02/02/2026;08:20;02/02/2026;16:20;vast contract;FALSE;;;;;;;
2000;04/02/2026;08:11;04/02/2026;16:23;vast contract;FALSE;;;;;;;
2001;05/02/2026;08:15;05/02/2026;12:11;vast contract;TRUE;;;;;;;
2002;05/02/2026;12:39;05/02/2026;17:12;vast contract;TRUE;;;;;;;
2003;05/02/2026;19:34;05/02/2026;22:59;vast contract;TRUE;;;;;;;
2004;06/02/2026;11:11;06/02/2026;16:19;vast contract;TRUE;;;;;;;
2005;09/02/2026;09:27;09/02/2026;15:52;vast contract;TRUE;;;;;;;
2006;09/02/2026;16:08;09/02/2026;17:25;vast contract;TRUE;;;;;;;
2007;10/02/2026;08:27;10/02/2026;16:34;vast contract;FALSE;;;;;;;
2008;12/02/2026;08:17;12/02/2026;17:39;vast contract;TRUE;;;;;;;
2009;13/02/2026;08:22;13/02/2026;20:35;vast contract;TRUE;;;;;;;
2010;13/02/2026;21:31;13/02/2026;22:47;vast contract;TRUE;;;;;;;
2011;16/02/2026;08:17;16/02/2026;16:47;vast contract;FALSE;;;;;;;
2012;17/02/2026;08:23;17/02/2026;16:46;vast contract;FALSE;;;;;;;
2013;18/02/2026;08:14;18/02/2026;16:34;vast contract;FALSE;;;;;;;
2014;19/02/2026;08:23;19/02/2026;17:15;vast contract;TRUE;;;;;;;
2015;20/02/2026;08:22;20/02/2026;19:01;vast contract;TRUE;;;;;;;
2016;20/02/2026;19:27;20/02/2026;20:51;vast contract;TRUE;;;;;;;
2017;23/02/2026;08:27;23/02/2026;16:46;vast contract;FALSE;;;;;;;
2018;24/02/2026;08:04;24/02/2026;17:47;vast contract;FALSE;;;;;;;
2019;25/02/2026;08:21;25/02/2026;16:40;vast contract;FALSE;;;;;;;
2020;26/02/2026;08:13;26/02/2026;16:42;vast contract;TRUE;;;;;;;
2021;27/02/2026;08:06;27/02/2026;16:45;vast contract;TRUE;;;;;;;
2022;02/03/2026;08:25;02/03/2026;16:40;vast contract;FALSE;;;;;;;
2023;03/03/2026;08:09;03/03/2026;16:46;vast contract;FALSE;;;;;;;
2024;04/03/2026;08:08;04/03/2026;16:46;vast contract;FALSE;;;;;;;
2025;05/03/2026;08:07;05/03/2026;17:16;vast contract;TRUE;;;;;;;
2026;05/03/2026;20:44;05/03/2026;22:58;vast contract;TRUE;;;;;;;
2027;06/03/2026;10:15;06/03/2026;17:25;vast contract;TRUE;;;;;;;
2028;09/03/2026;08:16;09/03/2026;16:36;vast contract;FALSE;;;;;;;
2029;10/03/2026;08:07;10/03/2026;16:51;vast contract;TRUE;;;;;;;
2030;11/03/2026;08:11;11/03/2026;17:20;vast contract;TRUE;;;;;;;
2031;12/03/2026;08:07;12/03/2026;16:15;vast contract;TRUE;;;;;;;
2032;13/03/2026;08:09;13/03/2026;16:13;vast contract;TRUE;;;;;;;
2033;16/03/2026;08:18;16/03/2026;16:49;vast contract;FALSE;;;;;;;
2034;17/03/2026;08:16;17/03/2026;16:30;vast contract;FALSE;;;;;;;
2035;18/03/2026;08:11;18/03/2026;16:17;vast contract;FALSE;;;;;;;
2036;19/03/2026;08:16;19/03/2026;16:13;vast contract;TRUE;;;;;;;
2037;20/03/2026;08:07;20/03/2026;17:53;vast contract;TRUE;;;;;;;
2038;23/03/2026;08:17;23/03/2026;17:17;vast contract;FALSE;;;;;;;
2039;24/03/2026;08:13;24/03/2026;16:20;vast contract;FALSE;;;;;;;
2040;26/03/2026;08:17;26/03/2026;16:49;vast contract;TRUE;;;;;;;
2041;27/03/2026;08:23;27/03/2026;17:11;vast contract;TRUE;;;;;;;
2042;30/03/2026;08:30;30/03/2026;16:30;vast contract;FALSE;;;;;;;
2043;31/03/2026;08:10;31/03/2026;16:51;vast contract;FALSE;;;;;;;
2044;01/04/2026;08:08;01/04/2026;16:41;vast contract;FALSE;;;;;;;
2045;02/04/2026;08:21;02/04/2026;16:59;vast contract;TRUE;;;;;;;
2046;03/04/2026;08:22;03/04/2026;21:03;vast contract;TRUE;;;;;;;
2047;07/04/2026;08:13;07/04/2026;17:00;vast contract;FALSE;;;;;;;
2048;08/04/2026;08:17;08/04/2026;17:12;vast contract;FALSE;;;;;;;
2049;09/04/2026;08:13;09/04/2026;16:50;vast contract;FALSE;;;;;;;
2050;10/04/2026;08:13;10/04/2026;17:04;vast contract;FALSE;;;;;;;
2051;13/04/2026;08:31;13/04/2026;16:39;vast contract;FALSE;;;;;;;
2052;14/04/2026;08:13;14/04/2026;16:19;vast contract;FALSE;;;;;;;
2053;15/04/2026;08:16;15/04/2026;16:21;vast contract;FALSE;;;;;;;
2054;16/04/2026;08:21;16/04/2026;16:37;vast contract;TRUE;;;;;;;
2055;17/04/2026;08:13;17/04/2026;16:14;vast contract;FALSE;;;;;;;
2056;20/04/2026;08:19;20/04/2026;16:39;vast contract;FALSE;;;;;;;
2057;21/04/2026;08:28;21/04/2026;16:15;vast contract;FALSE;;;;;;;
2058;22/04/2026;08:18;22/04/2026;16:44;vast contract;FALSE;;;;;;;
2059;23/04/2026;08:21;23/04/2026;16:27;vast contract;TRUE;;;;;;;
2060;24/04/2026;08:27;24/04/2026;17:23;vast contract;TRUE;;;;;;;
2061;27/04/2026;08:11;27/04/2026;16:28;vast contract;FALSE;;;;;;;
2062;28/04/2026;08:14;28/04/2026;16:54;vast contract;FALSE;;;;;;;
2063;29/04/2026;08:18;29/04/2026;16:28;vast contract;FALSE;;;;;;;
2064;30/04/2026;08:23;30/04/2026;18:13;vast contract;TRUE;;;;;;;
2065;04/05/2026;08:12;04/05/2026;16:41;vast contract;FALSE;;;;;;;
2066;05/05/2026;08:10;05/05/2026;17:07;vast contract;FALSE;;;;;;;
2067;07/05/2026;08:37;07/05/2026;18:40;vast contract;TRUE;;;;;;;
2068;08/05/2026;08:17;08/05/2026;16:58;vast contract;TRUE;;;;;;;
2069;11/05/2026;08:13;11/05/2026;17:15;vast contract;FALSE;;;;;;;
2070;12/05/2026;08:10;12/05/2026;17:25;vast contract;FALSE;;;;;;;
2071;13/05/2026;08:18;13/05/2026;14:55;vast contract;FALSE;;;;;;;
2072;13/05/2026;15:37;13/05/2026;17:51;vast contract;FALSE;;;;;;;
2073;15/05/2026;08:23;15/05/2026;16:59;vast contract;TRUE;;;;;;;
2074;18/05/2026;08:18;18/05/2026;16:36;vast contract;FALSE;;;;;;;
2075;19/05/2026;08:21;19/05/2026;17:28;vast contract;TRUE;;;;;;;
2076;20/05/2026;08:23;20/05/2026;17:00;vast contract;TRUE;;;;;;;
2077;21/05/2026;08:15;21/05/2026;17:06;vast contract;TRUE;;;;;;;
2078;22/05/2026;08:15;22/05/2026;17:08;vast contract;TRUE;;;;;;;
2079;22/05/2026;17:57;22/05/2026;20:35;vast contract;TRUE;;;;;;;
2080;22/05/2026;20:48;22/05/2026;21:31;vast contract;TRUE;;;;;;;
2081;26/05/2026;08:26;26/05/2026;17:02;vast contract;FALSE;;;;;;;
2082;27/05/2026;08:13;27/05/2026;16:38;vast contract;FALSE;;;;;;;
2083;28/05/2026;08:34;28/05/2026;18:15;vast contract;TRUE;;;;;;;
2084;29/05/2026;08:18;29/05/2026;19:35;vast contract;TRUE;;;;;;;
2085;01/06/2026;08:20;01/06/2026;16:47;vast contract;FALSE;;;;;;;
2086;02/06/2026;08:04;02/06/2026;16:25;vast contract;TRUE;;;;;;;
2087;03/06/2026;08:12;03/06/2026;15:26;vast contract;FALSE;;;;;;;
2088;03/06/2026;15:52;03/06/2026;17:34;vast contract;FALSE;;;;;;;
2089;04/06/2026;08:14;04/06/2026;16:46;vast contract;TRUE;;;;;;;
2090;05/06/2026;08:21;05/06/2026;16:54;vast contract;TRUE;;;;;;;
2091;08/06/2026;08:13;08/06/2026;16:33;vast contract;FALSE;;;;;;;
2092;09/06/2026;07:06;09/06/2026;16:03;vast contract;TRUE;;;;;;;
2093;10/06/2026;08:09;10/06/2026;16:27;vast contract;FALSE;;;;;;;
2094;11/06/2026;08:08;11/06/2026;16:44;vast contract;TRUE;;;;;;;
2095;12/06/2026;08:11;12/06/2026;17:23;vast contract;TRUE;;;;;;;
2096;15/06/2026;08:12;15/06/2026;17:28;vast contract;FALSE;;;;;;;
2097;15/06/2026;18:11;15/06/2026;19:48;vast contract;FALSE;;;;;;;
2098;15/06/2026;20:08;15/06/2026;21:41;vast contract;FALSE;;;;;;;
2099;16/06/2026;08:17;16/06/2026;16:17;vast contract;FALSE;;;;;;;
2100;17/06/2026;12:12;17/06/2026;16:45;vast contract;TRUE;Halve dag;;;;;;
2101;18/06/2026;07:54;18/06/2026;17:41;vast contract;FALSE;;;;;;;
2102;18/06/2026;20:39;18/06/2026;21:46;vast contract;FALSE;;;;;;;
2103;19/06/2026;07:55;19/06/2026;16:41;vast contract;TRUE;;;;;;;
2104;22/06/2026;08:09;22/06/2026;16:39;vast contract;FALSE;;;;;;;
2105;23/06/2026;08:12;23/06/2026;16:17;vast contract;FALSE;;;;;;;
2106;24/06/2026;08:14;24/06/2026;12:14;vast contract;FALSE;Halve dag;;;;;;
2107;25/06/2026;08:18;25/06/2026;16:20;vast contract;FALSE;;;;;;;
2108;26/06/2026;08:08;26/06/2026;17:29;vast contract;FALSE;;;;;;;
2109;30/06/2026;08:13;30/06/2026;16:45;vast contract;FALSE;;;;;;;
2110;30/06/2026;19:25;30/06/2026;22:50;vast contract;FALSE;;;;;;;
2111;01/07/2026;08:11;01/07/2026;16:39;vast contract;FALSE;;;;;;;
2112;02/07/2026;08:23;02/07/2026;16:57;vast contract;TRUE;;;;;;;
2113;03/07/2026;08:26;03/07/2026;16:46;vast contract;TRUE;;;;;;;
2114;06/07/2026;08:07;06/07/2026;17:29;vast contract;FALSE;;;;;;;
2115;07/07/2026;08:09;07/07/2026;17:01;vast contract;FALSE;;;;;;;
2116;07/07/2026;17:51;07/07/2026;19:28;vast contract;FALSE;;;;;;;
2117;08/07/2026;08:00;08/07/2026;17:45;vast contract;FALSE;;;;;;;
2118;09/07/2026;08:04;09/07/2026;17:14;vast contract;TRUE;;;;;;;
2119;10/07/2026;08:35;10/07/2026;16:35;vast contract;TRUE;;;;;;;
2120;13/07/2026;08:20;13/07/2026;19:03;vast contract;FALSE;;;;;;;
2121;13/07/2026;20:35;13/07/2026;21:31;vast contract;FALSE;;;;;;;
2122;14/07/2026;08:14;14/07/2026;17:45;vast contract;FALSE;;;;;;;
2123;15/07/2026;08:07;15/07/2026;17:06;vast contract;FALSE;;;;;;;
2124;15/07/2026;18:50;15/07/2026;23:22;vast contract;FALSE;;;;;;;
2125;16/07/2026;08:33;16/07/2026;18:15;vast contract;TRUE;;;;;;;
2126;17/07/2026;12:31;17/07/2026;19:15;vast contract;TRUE;Halve dag;;;;;;
2127;20/07/2026;08:15;20/07/2026;18:06;vast contract;FALSE;;;;;;;
2128;22/07/2026;08:28;22/07/2026;17:02;vast contract;FALSE;;;;;;;
2129;23/07/2026;08:17;23/07/2026;17:16;vast contract;TRUE;;;;;;;
2130;24/07/2026;08:11;24/07/2026;17:03;vast contract;TRUE;;;;;;;
2131;27/07/2026;08:09;27/07/2026;17:13;vast contract;FALSE;;;;;;;
2132;28/07/2026;08:15;28/07/2026;17:07;vast contract;FALSE;;;;;;;
2133;29/07/2026;08:14;29/07/2026;16:47;vast contract;FALSE;;;;;;;
2134;30/07/2026;08:09;30/07/2026;17:21;vast contract;TRUE;;;;;;;
2135;31/07/2026;08:08;31/07/2026;17:13;vast contract;TRUE;;;;;;;
2136;03/08/2026;08:12;03/08/2026;17:41;vast contract;FALSE;;;;;;;
2137;05/08/2026;08:16;05/08/2026;17:06;vast contract;FALSE;;;;;;;
2138;06/08/2026;08:09;06/08/2026;18:13;vast contract;TRUE;;;;;;;
2139;07/08/2026;08:12;07/08/2026;18:11;vast contract;TRUE;;;;;;;
2140;10/08/2026;08:12;10/08/2026;16:59;vast contract;FALSE;;;;;;;
2141;12/08/2026;08:30;12/08/2026;17:21;vast contract;TRUE;;;;;;;
2142;13/08/2026;07:46;13/08/2026;20:19;vast contract;FALSE;;;;;;;
2143;14/08/2026;08:03;14/08/2026;18:05;vast contract;FALSE;;;;;;;
2144;18/08/2026;08:20;18/08/2026;19:11;vast contract;FALSE;;;;;;;
2145;18/08/2026;20:02;18/08/2026;21:46;vast contract;TRUE;;;;;;;
2146;19/08/2026;08:12;19/08/2026;18:12;vast contract;FALSE;;;;;;;
2147;19/08/2026;20:30;19/08/2026;22:28;vast contract;FALSE;;;;;;;
2148;20/08/2026;08:07;20/08/2026;19:20;vast contract;TRUE;;;;;;;
2149;20/08/2026;19:42;20/08/2026;22:47;vast contract;TRUE;;;;;;;
2150;21/08/2026;07:55;21/08/2026;21:01;vast contract;TRUE;;;;;;;
2151;24/08/2026;08:15;24/08/2026;16:56;vast contract;FALSE;;;;;;;
2152;25/08/2026;08:14;25/08/2026;16:34;vast contract;FALSE;;;;;;;
2153;26/08/2026;08:06;26/08/2026;16:37;vast contract;FALSE;;;;;;;
2154;27/08/2026;08:09;27/08/2026;17:40;vast contract;TRUE;;;;;;;
2155;28/08/2026;08:12;28/08/2026;16:51;vast contract;TRUE;;;;;;;
2156;01/09/2026;08:07;01/09/2026;16:39;vast contract;FALSE;;;;;;;
2157;02/09/2026;08:10;02/09/2026;16:42;vast contract;FALSE;;;;;;;
2158;03/09/2026;08:10;03/09/2026;16:48;vast contract;TRUE;;;;;;;
2159;04/09/2026;08:11;04/09/2026;18:14;vast contract;TRUE;;;;;;;
2160;07/09/2026;08:15;07/09/2026;18:06;vast contract;FALSE;;;;;;;
2161;07/09/2026;19:08;07/09/2026;20:36;vast contract;TRUE;;;;;;;
2162;08/09/2026;08:13;08/09/2026;14:33;vast contract;FALSE;;;;;;;
2163;08/09/2026;14:59;08/09/2026;17:22;vast contract;TRUE;;;;;;;
2164;09/09/2026;08:09;09/09/2026;14:50;vast contract;FALSE;;;;;;;
2165;09/09/2026;15:18;09/09/2026;17:45;vast contract;TRUE;;;;;;;
2166;10/09/2026;08:01;10/09/2026;18:46;vast contract;FALSE;;;;;;;
2167;11/09/2026;08:12;11/09/2026;18:37;vast contract;FALSE;;;;;;;
2168;14/09/2026;08:17;14/09/2026;16:24;vast contract;FALSE;;;;;;;
2169;15/09/2026;08:11;15/09/2026;16:41;vast contract;FALSE;;;;;;;
2170;16/09/2026;08:12;16/09/2026;16:44;vast contract;FALSE;;;;;;;
2171;17/09/2026;08:12;17/09/2026;16:46;vast contract;TRUE;;;;;;;
2172;18/09/2026;08:16;18/09/2026;19:28;vast contract;TRUE;;;;;;;
2173;21/09/2026;08:13;21/09/2026;16:45;vast contract;FALSE;;;;;;;
2174;22/09/2026;08:09;22/09/2026;17:24;vast contract;FALSE;;;;;;;
2175;23/09/2026;08:07;23/09/2026;17:46;vast contract;FALSE;;;;;;;
2176;23/09/2026;19:57;23/09/2026;22:04;vast contract;FALSE;;;;;;;
2177;24/09/2026;08:03;24/09/2026;16:50;vast contract;TRUE;;;;;;;
2178;25/09/2026;08:11;25/09/2026;17:17;vast contract;FALSE;;;;;;;
2179;28/09/2026;08:18;28/09/2026;16:45;vast contract;FALSE;;;;;;;
2180;29/09/2026;08:11;29/09/2026;16:14;vast contract;FALSE;;;;;;;
2181;30/09/2026;08:09;30/09/2026;13:09;vast contract;FALSE;Sollicitatieverlof;;;;;;
2182;30/09/2026;14:54;30/09/2026;16:32;vast contract;FALSE;;;;;;;
2183;01/10/2026;08:19;01/10/2026;17:18;vast contract;FALSE;;;;;;;
2184;02/10/2026;08:17;02/10/2026;11:04;vast contract;FALSE;Tandarts;;;;;;
2185;02/10/2026;12:15;02/10/2026;20:01;vast contract;FALSE;;;;;;;
